Adjustment,Age,Comments,Country,Measure Names,Method,Source,Year,Measure Values
 ,15-64, ,Afghanistan,Female,HHS,UNODC/ Govt. Source,2009,0.2
 ,15-64, ,Afghanistan,Male,HHS,UNODC/ Govt. Source,2009,8.1
 ,15-64, ,Afghanistan,Low,HHS,UNODC/ Govt. Source,2009,3.37
 ,15-64, ,Afghanistan,High,HHS,UNODC/ Govt. Source,2009,5.18
 ,15-64, ,Afghanistan,Best,HHS,UNODC/ Govt. Source,2009,4.28
 ,15-64, ,Afghanistan,Female, ,UNODC Study (ICMP),2005,
 ,15-64, ,Afghanistan,Male, ,UNODC Study (ICMP),2005,
 ,15-64, ,Afghanistan,Low, ,UNODC Study (ICMP),2005,
 ,15-64, ,Afghanistan,High, ,UNODC Study (ICMP),2005,
 ,15-64, ,Afghanistan,Best, ,UNODC Study (ICMP),2005,3.59
 ,15 - 64,Cannabis herb,Albania,Female,HHS,ARQ,2014,1
 ,15 - 64,Cannabis herb,Albania,Male,HHS,ARQ,2014,10.2
 ,15 - 64,Cannabis herb,Albania,Low,HHS,ARQ,2014,
 ,15 - 64,Cannabis herb,Albania,High,HHS,ARQ,2014,
 ,15 - 64,Cannabis herb,Albania,Best,HHS,ARQ,2014,5.6
 ,15-64,Public health research,Albania,Female,HHS, ,2014,
 ,15-64,Public health research,Albania,Male,HHS, ,2014,
 ,15-64,Public health research,Albania,Low,HHS, ,2014,
 ,15-64,Public health research,Albania,High,HHS, ,2014,
 ,15-64,Public health research,Albania,Best,HHS, ,2014,5.6
"d, e",15-64, ,Albania,Female,SS,Government source,2006,
"d, e",15-64, ,Albania,Male,SS,Government source,2006,
"d, e",15-64, ,Albania,Low,SS,Government source,2006,
"d, e",15-64, ,Albania,High,SS,Government source,2006,
"d, e",15-64, ,Albania,Best,SS,Government source,2006,1.8
 ,12+, ,Algeria,Female,HHS,ARQ,2010,0.03
 ,12+, ,Algeria,Male,HHS,ARQ,2010,1.06
 ,12+, ,Algeria,Low,HHS,ARQ,2010,
 ,12+, ,Algeria,High,HHS,ARQ,2010,
 ,12+, ,Algeria,Best,HHS,ARQ,2010,0.52
 ,15 - 64,Cannabis herb,Argentina,Female,HHS,ARQ,2017,5.46
 ,15 - 64,Cannabis herb,Argentina,Male,HHS,ARQ,2017,11.1
 ,15 - 64,Cannabis herb,Argentina,Low,HHS,ARQ,2017,
 ,15 - 64,Cannabis herb,Argentina,High,HHS,ARQ,2017,
 ,15 - 64,Cannabis herb,Argentina,Best,HHS,ARQ,2017,8.13
 ,15-64, ,Argentina,Female,HHS,ARQ,2011,1.7
 ,15-64, ,Argentina,Male,HHS,ARQ,2011,4.7
 ,15-64, ,Argentina,Low,HHS,ARQ,2011,
 ,15-64, ,Argentina,High,HHS,ARQ,2011,
 ,15-64, ,Argentina,Best,HHS,ARQ,2011,3.2
 ,12-65, ,Argentina,Female,HHS,ARQ,2006,
 ,12-65, ,Argentina,Male,HHS,ARQ,2006,
 ,12-65, ,Argentina,Low,HHS,ARQ,2006,
 ,12-65, ,Argentina,High,HHS,ARQ,2006,
 ,12-65, ,Argentina,Best,HHS,ARQ,2006,6.9
 ,15-64, ,Armenia,Female, ,UNODC Estimate,2003,
 ,15-64, ,Armenia,Male, ,UNODC Estimate,2003,
 ,15-64, ,Armenia,Low, ,UNODC Estimate,2003,
 ,15-64, ,Armenia,High, ,UNODC Estimate,2003,
 ,15-64, ,Armenia,Best, ,UNODC Estimate,2003,3.5
 ,14+, ,Australia,Female,HHS,ARQ,2016,7.9
 ,14+, ,Australia,Male,HHS,ARQ,2016,13.1
 ,14+, ,Australia,Low,HHS,ARQ,2016,
 ,14+, ,Australia,High,HHS,ARQ,2016,
 ,14+, ,Australia,Best,HHS,ARQ,2016,10.4
 ,14+, ,Australia,Female,HHS,ARQ,2013,7.6
 ,14+, ,Australia,Male,HHS,ARQ,2013,12.8
 ,14+, ,Australia,Low,HHS,ARQ,2013,
 ,14+, ,Australia,High,HHS,ARQ,2013,
 ,14+, ,Australia,Best,HHS,ARQ,2013,10.2
 ,14+, ,Australia,Female,HHS,ARQ,2010,
 ,14+, ,Australia,Male,HHS,ARQ,2010,
 ,14+, ,Australia,Low,HHS,ARQ,2010,
 ,14+, ,Australia,High,HHS,ARQ,2010,
 ,14+, ,Australia,Best,HHS,ARQ,2010,10.3
 ,15-64, ,Australia,Female,HHS,Government source,2007,
 ,15-64, ,Australia,Male,HHS,Government source,2007,
 ,15-64, ,Australia,Low,HHS,Government source,2007,
 ,15-64, ,Australia,High,HHS,Government source,2007,
 ,15-64, ,Australia,Best,HHS,Government source,2007,10.6
 ,15-64, ,Austria,Female,HHS,Government source,2015,5.6
 ,15-64, ,Austria,Male,HHS,Government source,2015,7.2
 ,15-64, ,Austria,Low,HHS,Government source,2015,5.5
 ,15-64, ,Austria,High,HHS,Government source,2015,7.2
 ,15-64, ,Austria,Best,HHS,Government source,2015,6.4
 ,15-64, ,Austria,Female,HHS,ARQ,2008,
 ,15-64, ,Austria,Male,HHS,ARQ,2008,
 ,15-64, ,Austria,Low,HHS,ARQ,2008,
 ,15-64, ,Austria,High,HHS,ARQ,2008,
 ,15-64, ,Austria,Best,HHS,ARQ,2008,3.5
 ,15-64, ,Austria,Female,HHS,EMCDDA,2004,
 ,15-64, ,Austria,Male,HHS,EMCDDA,2004,
 ,15-64, ,Austria,Low,HHS,EMCDDA,2004,
 ,15-64, ,Austria,High,HHS,EMCDDA,2004,
 ,15-64, ,Austria,Best,HHS,EMCDDA,2004,7.5
 ,15-65, ,Azerbaijan,Female, ,UNODC Estimate,2004,
 ,15-65, ,Azerbaijan,Male, ,UNODC Estimate,2004,
 ,15-65, ,Azerbaijan,Low, ,UNODC Estimate,2004,
 ,15-65, ,Azerbaijan,High, ,UNODC Estimate,2004,
 ,15-65, ,Azerbaijan,Best, ,UNODC Estimate,2004,3.5
"d, e",15-64, ,Bahamas,Female,SS,ARQ,2008,
"d, e",15-64, ,Bahamas,Male,SS,ARQ,2008,
"d, e",15-64, ,Bahamas,Low,SS,ARQ,2008,3.2
"d, e",15-64, ,Bahamas,High,SS,ARQ,2008,7.89
"d, e",15-64, ,Bahamas,Best,SS,ARQ,2008,5.54
"d, e",15-64, ,Bahamas,Female,SS,UNODC Estimate,2003,
"d, e",15-64, ,Bahamas,Male,SS,UNODC Estimate,2003,
"d, e",15-64, ,Bahamas,Low,SS,UNODC Estimate,2003,
"d, e",15-64, ,Bahamas,High,SS,UNODC Estimate,2003,
"d, e",15-64, ,Bahamas,Best,SS,UNODC Estimate,2003,4.7
"a, e,f",15-54, ,Bangladesh,Female,HHS,Academic research,2004,
"a, e,f",15-54, ,Bangladesh,Male,HHS,Academic research,2004,
"a, e,f",15-54, ,Bangladesh,Low,HHS,Academic research,2004,
"a, e,f",15-54, ,Bangladesh,High,HHS,Academic research,2004,
"a, e,f",15-54, ,Bangladesh,Best,HHS,Academic research,2004,3.3
 ,15-64, ,Barbados,Female,HHS,CICAD,2006,
 ,15-64, ,Barbados,Male,HHS,CICAD,2006,
 ,15-64, ,Barbados,Low,HHS,CICAD,2006,
 ,15-64, ,Barbados,High,HHS,CICAD,2006,
 ,15-64, ,Barbados,Best,HHS,CICAD,2006,8.3
"c, d, e",15-64, ,Belarus,Female,SS,ESPAD,2007,
"c, d, e",15-64, ,Belarus,Male,SS,ESPAD,2007,
"c, d, e",15-64, ,Belarus,Low,SS,ESPAD,2007,0.9
"c, d, e",15-64, ,Belarus,High,SS,ESPAD,2007,1.3
"c, d, e",15-64, ,Belarus,Best,SS,ESPAD,2007,1.07
 ,15-64, ,Belgium,Female,HHS,ARQ,2013,2.9
 ,15-64, ,Belgium,Male,HHS,ARQ,2013,6.3
 ,15-64, ,Belgium,Low,HHS,ARQ,2013,
 ,15-64, ,Belgium,High,HHS,ARQ,2013,
 ,15-64, ,Belgium,Best,HHS,ARQ,2013,4.6
 ,15-64, ,Belgium,Female,HHS,ARQ,2008,3.2
 ,15-64, ,Belgium,Male,HHS,ARQ,2008,7.2
 ,15-64, ,Belgium,Low,HHS,ARQ,2008,
 ,15-64, ,Belgium,High,HHS,ARQ,2008,
 ,15-64, ,Belgium,Best,HHS,ARQ,2008,5.1
 ,15-64, ,Belgium,Female,HHS,EMCDDA,2004,
 ,15-64, ,Belgium,Male,HHS,EMCDDA,2004,
 ,15-64, ,Belgium,Low,HHS,EMCDDA,2004,
 ,15-64, ,Belgium,High,HHS,EMCDDA,2004,
 ,15-64, ,Belgium,Best,HHS,EMCDDA,2004,5
 ,12-65, ,Belize,Female,HHS,CICAD,2005,
 ,12-65, ,Belize,Male,HHS,CICAD,2005,
 ,12-65, ,Belize,Low,HHS,CICAD,2005,
 ,12-65, ,Belize,High,HHS,CICAD,2005,
 ,12-65, ,Belize,Best,HHS,CICAD,2005,8.45
 ,16-65, ,Bermuda,Female,HHS,Government source,2009,
 ,16-65, ,Bermuda,Male,HHS,Government source,2009,
 ,16-65, ,Bermuda,Low,HHS,Government source,2009,10.7
 ,16-65, ,Bermuda,High,HHS,Government source,2009,11.2
 ,16-65, ,Bermuda,Best,HHS,Government source,2009,10.9
 ,15-64, ,Bhutan,Female, ,UNODC Estimate,2009,
 ,15-64, ,Bhutan,Male, ,UNODC Estimate,2009,
 ,15-64, ,Bhutan,Low, ,UNODC Estimate,2009,1.8
 ,15-64, ,Bhutan,High, ,UNODC Estimate,2009,6.5
 ,15-64, ,Bhutan,Best, ,UNODC Estimate,2009,4.2
 ,12-65, ,Bolivia (Plurinational State of),Female,HHS,ARQ,2013,0.81
 ,12-65, ,Bolivia (Plurinational State of),Male,HHS,ARQ,2013,1.86
 ,12-65, ,Bolivia (Plurinational State of),Low,HHS,ARQ,2013,
 ,12-65, ,Bolivia (Plurinational State of),High,HHS,ARQ,2013,
 ,12-65, ,Bolivia (Plurinational State of),Best,HHS,ARQ,2013,1.27
 ,12-65, ,Bolivia (Plurinational State of),Female,HHS,ARQ,2007,1.1
 ,12-65, ,Bolivia (Plurinational State of),Male,HHS,ARQ,2007,8.9
 ,12-65, ,Bolivia (Plurinational State of),Low,HHS,ARQ,2007,
 ,12-65, ,Bolivia (Plurinational State of),High,HHS,ARQ,2007,
 ,12-65, ,Bolivia (Plurinational State of),Best,HHS,ARQ,2007,4.5
d,15-64, ,Bosnia and Herzegovina,Female,SS,ESPAD,2011,
d,15-64, ,Bosnia and Herzegovina,Male,SS,ESPAD,2011,
d,15-64, ,Bosnia and Herzegovina,Low,SS,ESPAD,2011,0.32
d,15-64, ,Bosnia and Herzegovina,High,SS,ESPAD,2011,2.89
d,15-64, ,Bosnia and Herzegovina,Best,SS,ESPAD,2011,1.6
"c, d, e",15-64, ,Bosnia and Herzegovina,Female,SS,ESPAD,2007,
"c, d, e",15-64, ,Bosnia and Herzegovina,Male,SS,ESPAD,2007,
"c, d, e",15-64, ,Bosnia and Herzegovina,Low,SS,ESPAD,2007,2.75
"c, d, e",15-64, ,Bosnia and Herzegovina,High,SS,ESPAD,2007,4.63
"c, d, e",15-64, ,Bosnia and Herzegovina,Best,SS,ESPAD,2007,2.8
 ,15-64, ,Brazil,Female,HHS,Government source,2016,
 ,15-64, ,Brazil,Male,HHS,Government source,2016,
 ,15-64, ,Brazil,Low,HHS,Government source,2016,
 ,15-64, ,Brazil,High,HHS,Government source,2016,
 ,15-64, ,Brazil,Best,HHS,Government source,2016,2.5
c,12-65, ,Brazil,Female,HHS,Government source,2005,
c,12-65, ,Brazil,Male,HHS,Government source,2005,
c,12-65, ,Brazil,Low,HHS,Government source,2005,
c,12-65, ,Brazil,High,HHS,Government source,2005,
c,12-65, ,Brazil,Best,HHS,Government source,2005,2.6
 ,15 - 64, ,Bulgaria,Female,Check manually,ARQ,2016,2.3
 ,15 - 64, ,Bulgaria,Male,Check manually,ARQ,2016,5.9
 ,15 - 64, ,Bulgaria,Low,Check manually,ARQ,2016,
 ,15 - 64, ,Bulgaria,High,Check manually,ARQ,2016,
 ,15 - 64, ,Bulgaria,Best,Check manually,ARQ,2016,4.2
 ,15-64, ,Bulgaria,Female,HHS,ARQ,2012,1.9
 ,15-64, ,Bulgaria,Male,HHS,ARQ,2012,5.1
 ,15-64, ,Bulgaria,Low,HHS,ARQ,2012,
 ,15-64, ,Bulgaria,High,HHS,ARQ,2012,
 ,15-64, ,Bulgaria,Best,HHS,ARQ,2012,3.5
 ,15-64, ,Bulgaria,Female,HHS,ARQ,2008,
 ,15-64, ,Bulgaria,Male,HHS,ARQ,2008,
 ,15-64, ,Bulgaria,Low,HHS,ARQ,2008,
 ,15-64, ,Bulgaria,High,HHS,ARQ,2008,
 ,15-64, ,Bulgaria,Best,HHS,ARQ,2008,2.5
"c, d, e",15-64, ,Bulgaria,Female,HHS,ARQ,2007,
"c, d, e",15-64, ,Bulgaria,Male,HHS,ARQ,2007,
"c, d, e",15-64, ,Bulgaria,Low,HHS,ARQ,2007,
"c, d, e",15-64, ,Bulgaria,High,HHS,ARQ,2007,
"c, d, e",15-64, ,Bulgaria,Best,HHS,ARQ,2007,2.2
"d, e",15-64, ,Burkina Faso,Female, ,UNODC Estimate,2006,
"d, e",15-64, ,Burkina Faso,Male, ,UNODC Estimate,2006,
"d, e",15-64, ,Burkina Faso,Low, ,UNODC Estimate,2006,
"d, e",15-64, ,Burkina Faso,High, ,UNODC Estimate,2006,
"d, e",15-64, ,Burkina Faso,Best, ,UNODC Estimate,2006,2.9
 ,15-64, ,Cabo Verde,Female,HHS,UNODC/Govt.,2012,
 ,15-64, ,Cabo Verde,Male,HHS,UNODC/Govt.,2012,
 ,15-64, ,Cabo Verde,Low,HHS,UNODC/Govt.,2012,
 ,15-64, ,Cabo Verde,High,HHS,UNODC/Govt.,2012,
 ,15-64, ,Cabo Verde,Best,HHS,UNODC/Govt.,2012,2.4
"d, e",15-64, ,Cabo Verde,Female, ,UNODC Estimate,2004,
"d, e",15-64, ,Cabo Verde,Male, ,UNODC Estimate,2004,
"d, e",15-64, ,Cabo Verde,Low, ,UNODC Estimate,2004,
"d, e",15-64, ,Cabo Verde,High, ,UNODC Estimate,2004,
"d, e",15-64, ,Cabo Verde,Best, ,UNODC Estimate,2004,8.1
 ,15-64, ,Cambodia,Female, ,UNODC Estimate,2003,
 ,15-64, ,Cambodia,Male, ,UNODC Estimate,2003,
 ,15-64, ,Cambodia,Low, ,UNODC Estimate,2003,
 ,15-64, ,Cambodia,High, ,UNODC Estimate,2003,
 ,15-64, ,Cambodia,Best, ,UNODC Estimate,2003,3.5
 ,15 - 64, ,Canada,Female,HHS,ARQ,2015,11.83
 ,15 - 64, ,Canada,Male,HHS,ARQ,2015,17.64
 ,15 - 64, ,Canada,Low,HHS,ARQ,2015,
 ,15 - 64, ,Canada,High,HHS,ARQ,2015,
 ,15 - 64, ,Canada,Best,HHS,ARQ,2015,14.73
 ,15-64, ,Canada,Female,HHS,ARQ,2013,9
 ,15-64, ,Canada,Male,HHS,ARQ,2013,16.4
 ,15-64, ,Canada,Low,HHS,ARQ,2013,
 ,15-64, ,Canada,High,HHS,ARQ,2013,
 ,15-64, ,Canada,Best,HHS,ARQ,2013,12.7
 ,15-64, ,Canada,Female,HHS,ARQ,2012,8.5
 ,15-64, ,Canada,Male,HHS,ARQ,2012,15.9
 ,15-64, ,Canada,Low,HHS,ARQ,2012,
 ,15-64, ,Canada,High,HHS,ARQ,2012,
 ,15-64, ,Canada,Best,HHS,ARQ,2012,12.2
 ,15-64, ,Canada,Female,HHS,ARQ,2011,
 ,15-64, ,Canada,Male,HHS,ARQ,2011,
 ,15-64, ,Canada,Low,HHS,ARQ,2011,
 ,15-64, ,Canada,High,HHS,ARQ,2011,
 ,15-64, ,Canada,Best,HHS,ARQ,2011,10.9
 ,15-64, ,Canada,Female,HHS,ARQ,2010,
 ,15-64, ,Canada,Male,HHS,ARQ,2010,
 ,15-64, ,Canada,Low,HHS,ARQ,2010,
 ,15-64, ,Canada,High,HHS,ARQ,2010,
 ,15-64, ,Canada,Best,HHS,ARQ,2010,12.65
 ,15-64,Cannabis herb and resin,Chile,Female,HHS,ARQ,2016,11.07
 ,15-64,Cannabis herb and resin,Chile,Male,HHS,ARQ,2016,19.11
 ,15-64,Cannabis herb and resin,Chile,Low,HHS,ARQ,2016,
 ,15-64,Cannabis herb and resin,Chile,High,HHS,ARQ,2016,
 ,15-64,Cannabis herb and resin,Chile,Best,HHS,ARQ,2016,15.1
 ,15-64, ,Chile,Female,HHS,ARQ,2014,8.38
 ,15-64, ,Chile,Male,HHS,ARQ,2014,15.37
 ,15-64, ,Chile,Low,HHS,ARQ,2014,
 ,15-64, ,Chile,High,HHS,ARQ,2014,
 ,15-64, ,Chile,Best,HHS,ARQ,2014,11.83
 ,15-64, ,Chile,Female,HHS,ARQ,2012,4.52
 ,15-64, ,Chile,Male,HHS,ARQ,2012,10.52
 ,15-64, ,Chile,Low,HHS,ARQ,2012,
 ,15-64, ,Chile,High,HHS,ARQ,2012,
 ,15-64, ,Chile,Best,HHS,ARQ,2012,7.47
 ,15-64, ,Chile,Female, ,ARQ,2010,
 ,15-64, ,Chile,Male, ,ARQ,2010,
 ,15-64, ,Chile,Low, ,ARQ,2010,
 ,15-64, ,Chile,High, ,ARQ,2010,
 ,15-64, ,Chile,Best, ,ARQ,2010,4.88
 ,15-64, ,Chile,Female,HHS,ARQ,2008,
 ,15-64, ,Chile,Male,HHS,ARQ,2008,
 ,15-64, ,Chile,Low,HHS,ARQ,2008,
 ,15-64, ,Chile,High,HHS,ARQ,2008,
 ,15-64, ,Chile,Best,HHS,ARQ,2008,6.7
"d, e",15-64, ,"China, Hong Kong SAR",Female,SS,Government source,2008,
"d, e",15-64, ,"China, Hong Kong SAR",Male,SS,Government source,2008,
"d, e",15-64, ,"China, Hong Kong SAR",Low,SS,Government source,2008,0.23
"d, e",15-64, ,"China, Hong Kong SAR",High,SS,Government source,2008,1.99
"d, e",15-64, ,"China, Hong Kong SAR",Best,SS,Government source,2008,0.4
"d, e",15-64, ,"China, Macao SAR",Female,R,UNODC Estimate,2003,
"d, e",15-64, ,"China, Macao SAR",Male,R,UNODC Estimate,2003,
"d, e",15-64, ,"China, Macao SAR",Low,R,UNODC Estimate,2003,
"d, e",15-64, ,"China, Macao SAR",High,R,UNODC Estimate,2003,
"d, e",15-64, ,"China, Macao SAR",Best,R,UNODC Estimate,2003,0.67
 ,12-64, ,"China, Taiwan Province of China",Female, ,AMCEWG,2005,
 ,12-64, ,"China, Taiwan Province of China",Male, ,AMCEWG,2005,
 ,12-64, ,"China, Taiwan Province of China",Low, ,AMCEWG,2005,
 ,12-64, ,"China, Taiwan Province of China",High, ,AMCEWG,2005,
 ,12-64, ,"China, Taiwan Province of China",Best, ,AMCEWG,2005,0.3
 ,12-65, ,Colombia,Female,HHS,ARQ,2013,1.3
 ,12-65, ,Colombia,Male,HHS,ARQ,2013,5.36
 ,12-65, ,Colombia,Low,HHS,ARQ,2013,2.94
 ,12-65, ,Colombia,High,HHS,ARQ,2013,3.6
 ,12-65, ,Colombia,Best,HHS,ARQ,2013,3.27
 ,12-65, ,Colombia,Female, ,ARQ,2008,0.93
 ,12-65, ,Colombia,Male, ,ARQ,2008,3.79
 ,12-65, ,Colombia,Low, ,ARQ,2008,1.93
 ,12-65, ,Colombia,High, ,ARQ,2008,2.61
 ,12-65, ,Colombia,Best, ,ARQ,2008,2.27
 ,18-65, ,Colombia,Female, ,ARQ,2003,
 ,18-65, ,Colombia,Male, ,ARQ,2003,
 ,18-65, ,Colombia,Low, ,ARQ,2003,
 ,18-65, ,Colombia,High, ,ARQ,2003,
 ,18-65, ,Colombia,Best, ,ARQ,2003,1.9
 ,15 - 64, ,Costa Rica,Female,HHS,ARQ,2015,2.49
 ,15 - 64, ,Costa Rica,Male,HHS,ARQ,2015,7.84
 ,15 - 64, ,Costa Rica,Low,HHS,ARQ,2015,
 ,15 - 64, ,Costa Rica,High,HHS,ARQ,2015,
 ,15 - 64, ,Costa Rica,Best,HHS,ARQ,2015,5.18
 ,15-64, ,Costa Rica,Female,HHS,ARQ,2010,1.07
 ,15-64, ,Costa Rica,Male,HHS,ARQ,2010,4.4
 ,15-64, ,Costa Rica,Low,HHS,ARQ,2010,
 ,15-64, ,Costa Rica,High,HHS,ARQ,2010,
 ,15-64, ,Costa Rica,Best,HHS,ARQ,2010,2.76
 ,12-70, ,Costa Rica,Female,HHS,ARQ,2006,
 ,12-70, ,Costa Rica,Male,HHS,ARQ,2006,
 ,12-70, ,Costa Rica,Low,HHS,ARQ,2006,
 ,12-70, ,Costa Rica,High,HHS,ARQ,2006,
 ,12-70, ,Costa Rica,Best,HHS,ARQ,2006,1.02
 ,15-64, ,Croatia,Female,HHS,ARQ,2015,4.3
 ,15-64, ,Croatia,Male,HHS,ARQ,2015,11.5
 ,15-64, ,Croatia,Low,HHS,ARQ,2015,
 ,15-64, ,Croatia,High,HHS,ARQ,2015,
 ,15-64, ,Croatia,Best,HHS,ARQ,2015,7.9
 ,15-64, ,Croatia,Female,HHS,EMCDDA,2012,
 ,15-64, ,Croatia,Male,HHS,EMCDDA,2012,
 ,15-64, ,Croatia,Low,HHS,EMCDDA,2012,
 ,15-64, ,Croatia,High,HHS,EMCDDA,2012,
 ,15-64, ,Croatia,Best,HHS,EMCDDA,2012,5
"d, e",15-64, ,Croatia,Female,SS,ESPAD,2007,
"d, e",15-64, ,Croatia,Male,SS,ESPAD,2007,
"d, e",15-64, ,Croatia,Low,SS,ESPAD,2007,5.1
"d, e",15-64, ,Croatia,High,SS,ESPAD,2007,5.3
"d, e",15-64, ,Croatia,Best,SS,ESPAD,2007,5.18
 ,15 - 64, ,Cyprus,Female,HHS,ARQ,2016,0.9
 ,15 - 64, ,Cyprus,Male,HHS,ARQ,2016,3.5
 ,15 - 64, ,Cyprus,Low,HHS,ARQ,2016,
 ,15 - 64, ,Cyprus,High,HHS,ARQ,2016,
 ,15 - 64, ,Cyprus,Best,HHS,ARQ,2016,2.2
 ,15-64, ,Cyprus,Female,HHS,ARQ,2012,1
 ,15-64, ,Cyprus,Male,HHS,ARQ,2012,3.5
 ,15-64, ,Cyprus,Low,HHS,ARQ,2012,
 ,15-64, ,Cyprus,High,HHS,ARQ,2012,
 ,15-64, ,Cyprus,Best,HHS,ARQ,2012,2.2
 ,15-64, ,Cyprus,Female,HHS,ARQ,2009,
 ,15-64, ,Cyprus,Male,HHS,ARQ,2009,
 ,15-64, ,Cyprus,Low,HHS,ARQ,2009,
 ,15-64, ,Cyprus,High,HHS,ARQ,2009,
 ,15-64, ,Cyprus,Best,HHS,ARQ,2009,4.4
 ,15-65, ,Cyprus,Female, ,ARQ,2006,
 ,15-65, ,Cyprus,Male, ,ARQ,2006,
 ,15-65, ,Cyprus,Low, ,ARQ,2006,
 ,15-65, ,Cyprus,High, ,ARQ,2006,
 ,15-65, ,Cyprus,Best, ,ARQ,2006,2.1
 ,15 - 64, ,Czechia,Female,HHS,ARQ,2015,5.3
 ,15 - 64, ,Czechia,Male,HHS,ARQ,2015,13.4
 ,15 - 64, ,Czechia,Low,HHS,ARQ,2015,
 ,15 - 64, ,Czechia,High,HHS,ARQ,2015,
 ,15 - 64, ,Czechia,Best,HHS,ARQ,2015,9.4
 ,15-64, ,Czechia,Female,HHS,ARQ,2014,7.3
 ,15-64, ,Czechia,Male,HHS,ARQ,2014,15.4
 ,15-64, ,Czechia,Low,HHS,ARQ,2014,
 ,15-64, ,Czechia,High,HHS,ARQ,2014,
 ,15-64, ,Czechia,Best,HHS,ARQ,2014,11.4
 ,15-64, ,Czechia,Female,HHS,ARQ,2013,5.3
 ,15-64, ,Czechia,Male,HHS,ARQ,2013,13.2
 ,15-64, ,Czechia,Low,HHS,ARQ,2013,
 ,15-64, ,Czechia,High,HHS,ARQ,2013,
 ,15-64, ,Czechia,Best,HHS,ARQ,2013,8.9
 ,15-64, ,Czechia,Female,HHS,ARQ,2012,5.3
 ,15-64, ,Czechia,Male,HHS,ARQ,2012,13.1
 ,15-64, ,Czechia,Low,HHS,ARQ,2012,
 ,15-64, ,Czechia,High,HHS,ARQ,2012,
 ,15-64, ,Czechia,Best,HHS,ARQ,2012,9.2
 ,15-64, ,Czechia,Female,HHS,ARQ,2010,
 ,15-64, ,Czechia,Male,HHS,ARQ,2010,
 ,15-64, ,Czechia,Low,HHS,ARQ,2010,
 ,15-64, ,Czechia,High,HHS,ARQ,2010,
 ,15-64, ,Czechia,Best,HHS,ARQ,2010,9.7
 ,15-64, ,Czechia,Female,HHS,Government source,2008,
 ,15-64, ,Czechia,Male,HHS,Government source,2008,
 ,15-64, ,Czechia,Low,HHS,Government source,2008,
 ,15-64, ,Czechia,High,HHS,Government source,2008,
 ,15-64, ,Czechia,Best,HHS,Government source,2008,15.2
 ,16-64, ,Denmark,Female,HHS,ARQ,2013,5.1
 ,16-64, ,Denmark,Male,HHS,ARQ,2013,9.2
 ,16-64, ,Denmark,Low,HHS,ARQ,2013,
 ,16-64, ,Denmark,High,HHS,ARQ,2013,
 ,16-64, ,Denmark,Best,HHS,ARQ,2013,6.9
 ,16-64, ,Denmark,Female,HHS,ARQ,2010,
 ,16-64, ,Denmark,Male,HHS,ARQ,2010,
 ,16-64, ,Denmark,Low,HHS,ARQ,2010,
 ,16-64, ,Denmark,High,HHS,ARQ,2010,
 ,16-64, ,Denmark,Best,HHS,ARQ,2010,5.4
 ,16-64, ,Denmark,Female,HHS,ARQ,2008,
 ,16-64, ,Denmark,Male,HHS,ARQ,2008,
 ,16-64, ,Denmark,Low,HHS,ARQ,2008,
 ,16-64, ,Denmark,High,HHS,ARQ,2008,
 ,16-64, ,Denmark,Best,HHS,ARQ,2008,5.5
 ,12-65, ,Dominican Republic,Female,HHS,CICAD,2010,0.22
 ,12-65, ,Dominican Republic,Male,HHS,CICAD,2010,1.4
 ,12-65, ,Dominican Republic,Low,HHS,CICAD,2010,
 ,12-65, ,Dominican Republic,High,HHS,CICAD,2010,
 ,12-65, ,Dominican Republic,Best,HHS,CICAD,2010,0.68
"d, e",15-64, ,Dominican Republic,Female,SS,ARQ,2008,
"d, e",15-64, ,Dominican Republic,Male,SS,ARQ,2008,
"d, e",15-64, ,Dominican Republic,Low,SS,ARQ,2008,0.25
"d, e",15-64, ,Dominican Republic,High,SS,ARQ,2008,1.41
"d, e",15-64, ,Dominican Republic,Best,SS,ARQ,2008,0.31
 ,12-65, ,Ecuador,Female,HHS,ARQ,2013,0.53
 ,12-65, ,Ecuador,Male,HHS,ARQ,2013,0.88
 ,12-65, ,Ecuador,Low,HHS,ARQ,2013,
 ,12-65, ,Ecuador,High,HHS,ARQ,2013,
 ,12-65, ,Ecuador,Best,HHS,ARQ,2013,0.67
 ,12-65, ,Ecuador,Female,HHS,ARQ,2007,
 ,12-65, ,Ecuador,Male,HHS,ARQ,2007,
 ,12-65, ,Ecuador,Low,HHS,ARQ,2007,
 ,12-65, ,Ecuador,High,HHS,ARQ,2007,
 ,12-65, ,Ecuador,Best,HHS,ARQ,2007,0.7
"a, d",15-64, ,Egypt,Female,"HHS, SS",Govt;  Academic Research,2006,
"a, d",15-64, ,Egypt,Male,"HHS, SS",Govt;  Academic Research,2006,
"a, d",15-64, ,Egypt,Low,"HHS, SS",Govt;  Academic Research,2006,2.9
"a, d",15-64, ,Egypt,High,"HHS, SS",Govt;  Academic Research,2006,9.58
"a, d",15-64, ,Egypt,Best,"HHS, SS",Govt;  Academic Research,2006,6.24
 ,12-65, ,El Salvador,Female,HHS,Government source,2014,0.62
 ,12-65, ,El Salvador,Male,HHS,Government source,2014,3.93
 ,12-65, ,El Salvador,Low,HHS,Government source,2014,1.12
 ,12-65, ,El Salvador,High,HHS,Government source,2014,3.67
 ,12-65, ,El Salvador,Best,HHS,Government source,2014,2.03
 ,12-65, ,El Salvador,Female,HHS,CICAD,2005,
 ,12-65, ,El Salvador,Male,HHS,CICAD,2005,
 ,12-65, ,El Salvador,Low,HHS,CICAD,2005,0.35
 ,12-65, ,El Salvador,High,HHS,CICAD,2005,0.43
 ,12-65, ,El Salvador,Best,HHS,CICAD,2005,0.39
 ,15-64, ,Estonia,Female,HHS,ARQ,2008,3.8
 ,15-64, ,Estonia,Male,HHS,ARQ,2008,8.3
 ,15-64, ,Estonia,Low,HHS,ARQ,2008,
 ,15-64, ,Estonia,High,HHS,ARQ,2008,
 ,15-64, ,Estonia,Best,HHS,ARQ,2008,6
 ,15-64, ,Estonia,Female,HHS,ARQ,2003,
 ,15-64, ,Estonia,Male,HHS,ARQ,2003,
 ,15-64, ,Estonia,Low,HHS,ARQ,2003,
 ,15-64, ,Estonia,High,HHS,ARQ,2003,
 ,15-64, ,Estonia,Best,HHS,ARQ,2003,4.6
"d, e",15-64, ,Fiji,Female,SS,Government source,2004,
"d, e",15-64, ,Fiji,Male,SS,Government source,2004,
"d, e",15-64, ,Fiji,Low,SS,Government source,2004,3.04
"d, e",15-64, ,Fiji,High,SS,Government source,2004,7.12
"d, e",15-64, ,Fiji,Best,SS,Government source,2004,5.08
 ,15-64, ,Finland,Female,HHS,ARQ,2014,4.3
 ,15-64, ,Finland,Male,HHS,ARQ,2014,9.2
 ,15-64, ,Finland,Low,HHS,ARQ,2014,
 ,15-64, ,Finland,High,HHS,ARQ,2014,
 ,15-64, ,Finland,Best,HHS,ARQ,2014,6.8
 ,15-64, ,Finland,Female,HHS,ARQ,2010,3.3
 ,15-64, ,Finland,Male,HHS,ARQ,2010,5.8
 ,15-64, ,Finland,Low,HHS,ARQ,2010,
 ,15-64, ,Finland,High,HHS,ARQ,2010,
 ,15-64, ,Finland,Best,HHS,ARQ,2010,4.6
 ,15-64, ,Finland,Female,HHS,ARQ,2006,
 ,15-64, ,Finland,Male,HHS,ARQ,2006,
 ,15-64, ,Finland,Low,HHS,ARQ,2006,
 ,15-64, ,Finland,High,HHS,ARQ,2006,
 ,15-64, ,Finland,Best,HHS,ARQ,2006,3.6
 ,15-64, ,France,Female,HHS,ARQ,2014,7.4
 ,15-64, ,France,Male,HHS,ARQ,2014,15
 ,15-64, ,France,Low,HHS,ARQ,2014,
 ,15-64, ,France,High,HHS,ARQ,2014,
 ,15-64, ,France,Best,HHS,ARQ,2014,11.1
 ,15-64, ,France,Female,HHS,ARQ,2010,5.2
 ,15-64, ,France,Male,HHS,ARQ,2010,11.8
 ,15-64, ,France,Low,HHS,ARQ,2010,
 ,15-64, ,France,High,HHS,ARQ,2010,
 ,15-64, ,France,Best,HHS,ARQ,2010,8.4
 ,15-64, ,France,Female, ,ARQ,2005,
 ,15-64, ,France,Male, ,ARQ,2005,
 ,15-64, ,France,Low, ,ARQ,2005,
 ,15-64, ,France,High, ,ARQ,2005,
 ,15-64, ,France,Best, ,ARQ,2005,8.6
 ,18 - 64, ,Georgia,Female,HHS,ARQ,2015,0.5
 ,18 - 64, ,Georgia,Male,HHS,ARQ,2015,6.6
 ,18 - 64, ,Georgia,Low,HHS,ARQ,2015,
 ,18 - 64, ,Georgia,High,HHS,ARQ,2015,
 ,18 - 64, ,Georgia,Best,HHS,ARQ,2015,3.4
"b, d, e",15-64, ,Georgia,Female,SS,Government source/ NGO/Academic research,2009,
"b, d, e",15-64, ,Georgia,Male,SS,Government source/ NGO/Academic research,2009,
"b, d, e",15-64, ,Georgia,Low,SS,Government source/ NGO/Academic research,2009,1.2
"b, d, e",15-64, ,Georgia,High,SS,Government source/ NGO/Academic research,2009,4.3
"b, d, e",15-64, ,Georgia,Best,SS,Government source/ NGO/Academic research,2009,2.7
"a, d, e",15-64, ,Georgia,Female,SS,ARQ,2005,
"a, d, e",15-64, ,Georgia,Male,SS,ARQ,2005,
"a, d, e",15-64, ,Georgia,Low,SS,ARQ,2005,
"a, d, e",15-64, ,Georgia,High,SS,ARQ,2005,
"a, d, e",15-64, ,Georgia,Best,SS,ARQ,2005,1.1
 ,15-64, ,Germany,Female,HHS,ARQ/Academic,2015,4.9
 ,15-64, ,Germany,Male,HHS,ARQ/Academic,2015,7.4
 ,15-64, ,Germany,Low,HHS,ARQ/Academic,2015,5.6
 ,15-64, ,Germany,High,HHS,ARQ/Academic,2015,6.7
 ,15-64, ,Germany,Best,HHS,ARQ/Academic,2015,6.1
 ,18-64, ,Germany,Female,HHS,ARQ,2012,3
 ,18-64, ,Germany,Male,HHS,ARQ,2012,6
 ,18-64, ,Germany,Low,HHS,ARQ,2012,
 ,18-64, ,Germany,High,HHS,ARQ,2012,
 ,18-64, ,Germany,Best,HHS,ARQ,2012,4.5
 ,18-64, ,Germany,Female,HHS,ARQ,2009,
 ,18-64, ,Germany,Male,HHS,ARQ,2009,
 ,18-64, ,Germany,Low,HHS,ARQ,2009,
 ,18-64, ,Germany,High,HHS,ARQ,2009,
 ,18-64, ,Germany,Best,HHS,ARQ,2009,4.8
 ,18-64, ,Germany,Female,HHS,Government source,2007,
 ,18-64, ,Germany,Male,HHS,Government source,2007,
 ,18-64, ,Germany,Low,HHS,Government source,2007,
 ,18-64, ,Germany,High,HHS,Government source,2007,
 ,18-64, ,Germany,Best,HHS,Government source,2007,4.7
 ,18-64, ,Greece,Female,HHS,ARQ,2015,1.6
 ,18-64, ,Greece,Male,HHS,ARQ,2015,4.1
 ,18-64, ,Greece,Low,HHS,ARQ,2015,
 ,18-64, ,Greece,High,HHS,ARQ,2015,
 ,18-64, ,Greece,Best,HHS,ARQ,2015,2.8
 ,15-64, ,Greece,Female, ,EMCDDA,2004,0.9
 ,15-64, ,Greece,Male, ,EMCDDA,2004,2.5
 ,15-64, ,Greece,Low, ,EMCDDA,2004,
 ,15-64, ,Greece,High, ,EMCDDA,2004,
 ,15-64, ,Greece,Best, ,EMCDDA,2004,1.7
"d, e",15-64, ,Greenland,Female,SS,ESPAD,2003,
"d, e",15-64, ,Greenland,Male,SS,ESPAD,2003,
"d, e",15-64, ,Greenland,Low,SS,ESPAD,2003,
"d, e",15-64, ,Greenland,High,SS,ESPAD,2003,
"d, e",15-64, ,Greenland,Best,SS,ESPAD,2003,7.6
"c, d",12-65, ,Guatemala,Female,"HHS, SS",UNODC Estimate,2005,
"c, d",12-65, ,Guatemala,Male,"HHS, SS",UNODC Estimate,2005,
"c, d",12-65, ,Guatemala,Low,"HHS, SS",UNODC Estimate,2005,
"c, d",12-65, ,Guatemala,High,"HHS, SS",UNODC Estimate,2005,
"c, d",12-65, ,Guatemala,Best,"HHS, SS",UNODC Estimate,2005,4.8
"d, e",15-64, ,Guyana,Female,SS,UNODC Estimate,2010,
"d, e",15-64, ,Guyana,Male,SS,UNODC Estimate,2010,
"d, e",15-64, ,Guyana,Low,SS,UNODC Estimate,2010,1.56
"d, e",15-64, ,Guyana,High,SS,UNODC Estimate,2010,6.53
"d, e",15-64, ,Guyana,Best,SS,UNODC Estimate,2010,4.04
 ,15-64, ,Guyana,Female, ,UNODC Estimate,2008,
 ,15-64, ,Guyana,Male, ,UNODC Estimate,2008,
 ,15-64, ,Guyana,Low, ,UNODC Estimate,2008,0.97
 ,15-64, ,Guyana,High, ,UNODC Estimate,2008,5.95
 ,15-64, ,Guyana,Best, ,UNODC Estimate,2008,3.5
 ,, ,Guyana,Female, ,UNODC Estimate,2002,
 ,, ,Guyana,Male, ,UNODC Estimate,2002,
 ,, ,Guyana,Low, ,UNODC Estimate,2002,
 ,, ,Guyana,High, ,UNODC Estimate,2002,
 ,, ,Guyana,Best, ,UNODC Estimate,2002,2.6
"d, e",15-64, ,Haiti,Female,SS,UNODC Estimate,2010,
"d, e",15-64, ,Haiti,Male,SS,UNODC Estimate,2010,
"d, e",15-64, ,Haiti,Low,SS,UNODC Estimate,2010,0.26
"d, e",15-64, ,Haiti,High,SS,UNODC Estimate,2010,2.75
"d, e",15-64, ,Haiti,Best,SS,UNODC Estimate,2010,1.51
"d, e",15-64, ,Haiti,Female,SS,UNODC Estimate,2005,
"d, e",15-64, ,Haiti,Male,SS,UNODC Estimate,2005,
"d, e",15-64, ,Haiti,Low,SS,UNODC Estimate,2005,0.43
"d, e",15-64, ,Haiti,High,SS,UNODC Estimate,2005,2.15
"d, e",15-64, ,Haiti,Best,SS,UNODC Estimate,2005,1.41
"d, e",12-65, ,Honduras,Female,SS,UNODC Estimate,2005,
"d, e",12-65, ,Honduras,Male,SS,UNODC Estimate,2005,
"d, e",12-65, ,Honduras,Low,SS,UNODC Estimate,2005,0.41
"d, e",12-65, ,Honduras,High,SS,UNODC Estimate,2005,1.59
"d, e",12-65, ,Honduras,Best,SS,UNODC Estimate,2005,0.83
"d, e",15-64, ,Honduras,Female,SS,UNODC Estimate,2004,
"d, e",15-64, ,Honduras,Male,SS,UNODC Estimate,2004,
"d, e",15-64, ,Honduras,Low,SS,UNODC Estimate,2004,
"d, e",15-64, ,Honduras,High,SS,UNODC Estimate,2004,
"d, e",15-64, ,Honduras,Best,SS,UNODC Estimate,2004,1.5
 ,18-64, ,Hungary,Female,HHS,ARQ,2015,0.81
 ,18-64, ,Hungary,Male,HHS,ARQ,2015,2.46
 ,18-64, ,Hungary,Low,HHS,ARQ,2015,
 ,18-64, ,Hungary,High,HHS,ARQ,2015,
 ,18-64, ,Hungary,Best,HHS,ARQ,2015,1.53
 ,18-64, ,Hungary,Female,HHS,ARQ,2007,
 ,18-64, ,Hungary,Male,HHS,ARQ,2007,
 ,18-64, ,Hungary,Low,HHS,ARQ,2007,1.7
 ,18-64, ,Hungary,High,HHS,ARQ,2007,2.9
 ,18-64, ,Hungary,Best,HHS,ARQ,2007,2.3
 ,18-67, ,Iceland,Female,HHS,ARQ/Government,2012,
 ,18-67, ,Iceland,Male,HHS,ARQ/Government,2012,
 ,18-67, ,Iceland,Low,HHS,ARQ/Government,2012,
 ,18-67, ,Iceland,High,HHS,ARQ/Government,2012,
 ,18-67, ,Iceland,Best,HHS,ARQ/Government,2012,6.6
d,15-64, ,Iceland,Female,SS,ESPAD,2011,
d,15-64, ,Iceland,Male,SS,ESPAD,2011,
d,15-64, ,Iceland,Low,SS,ESPAD,2011,1.67
d,15-64, ,Iceland,High,SS,ESPAD,2011,5.16
d,15-64, ,Iceland,Best,SS,ESPAD,2011,3.4
"d, e",15-64, ,Iceland,Female,SS,ESPAD,2007,
"d, e",15-64, ,Iceland,Male,SS,ESPAD,2007,
"d, e",15-64, ,Iceland,Low,SS,ESPAD,2007,3.21
"d, e",15-64, ,Iceland,High,SS,ESPAD,2007,3.53
"d, e",15-64, ,Iceland,Best,SS,ESPAD,2007,3.37
 ,10-60,20 of 34 provinces.,Indonesia,Female,HHS,ARQ,2015,0.04
 ,10-60,20 of 34 provinces.,Indonesia,Male,HHS,ARQ,2015,0.33
 ,10-60,20 of 34 provinces.,Indonesia,Low,HHS,ARQ,2015,
 ,10-60,20 of 34 provinces.,Indonesia,High,HHS,ARQ,2015,
 ,10-60,20 of 34 provinces.,Indonesia,Best,HHS,ARQ,2015,0.18
a,10-60, ,Indonesia,Female,HHS,ARQ,2010,
a,10-60, ,Indonesia,Male,HHS,ARQ,2010,
a,10-60, ,Indonesia,Low,HHS,ARQ,2010,
a,10-60, ,Indonesia,High,HHS,ARQ,2010,
a,10-60, ,Indonesia,Best,HHS,ARQ,2010,0.5
 ,10-59, ,Indonesia,Female,HHS,ARQ,2008,
 ,10-59, ,Indonesia,Male,HHS,ARQ,2008,
 ,10-59, ,Indonesia,Low,HHS,ARQ,2008,
 ,10-59, ,Indonesia,High,HHS,ARQ,2008,
 ,10-59, ,Indonesia,Best,HHS,ARQ,2008,0.44
 ,15-64,"Grass, Hashish, Marijuana and Gol",Iran (Islamic Republic of),Female,HHS,Government/UNODC,2015,
 ,15-64,"Grass, Hashish, Marijuana and Gol",Iran (Islamic Republic of),Male,HHS,Government/UNODC,2015,
 ,15-64,"Grass, Hashish, Marijuana and Gol",Iran (Islamic Republic of),Low,HHS,Government/UNODC,2015,
 ,15-64,"Grass, Hashish, Marijuana and Gol",Iran (Islamic Republic of),High,HHS,Government/UNODC,2015,
 ,15-64,"Grass, Hashish, Marijuana and Gol",Iran (Islamic Republic of),Best,HHS,Government/UNODC,2015,0.58
a,18+,Hashish,Iran (Islamic Republic of),Female,NSUM,Academic/UNODC Estimate,2013,
a,18+,Hashish,Iran (Islamic Republic of),Male,NSUM,Academic/UNODC Estimate,2013,
a,18+,Hashish,Iran (Islamic Republic of),Low,NSUM,Academic/UNODC Estimate,2013,0.54
a,18+,Hashish,Iran (Islamic Republic of),High,NSUM,Academic/UNODC Estimate,2013,0.7
a,18+,Hashish,Iran (Islamic Republic of),Best,NSUM,Academic/UNODC Estimate,2013,0.61
 ,15-64,Cannabis resin,Iran (Islamic Republic of),Female, ,Government source,2011,
 ,15-64,Cannabis resin,Iran (Islamic Republic of),Male, ,Government source,2011,
 ,15-64,Cannabis resin,Iran (Islamic Republic of),Low, ,Government source,2011,
 ,15-64,Cannabis resin,Iran (Islamic Republic of),High, ,Government source,2011,
 ,15-64,Cannabis resin,Iran (Islamic Republic of),Best, ,Government source,2011,0.17
 ,15 - 64,Data for 2014-15.,Ireland,Female,HHS,ARQ,2015,4.3
 ,15 - 64,Data for 2014-15.,Ireland,Male,HHS,ARQ,2015,11.2
 ,15 - 64,Data for 2014-15.,Ireland,Low,HHS,ARQ,2015,
 ,15 - 64,Data for 2014-15.,Ireland,High,HHS,ARQ,2015,
 ,15 - 64,Data for 2014-15.,Ireland,Best,HHS,ARQ,2015,7.7
 ,15-64, ,Ireland,Female,HHS,ARQ,2011,2.9
 ,15-64, ,Ireland,Male,HHS,ARQ,2011,9.1
 ,15-64, ,Ireland,Low,HHS,ARQ,2011,
 ,15-64, ,Ireland,High,HHS,ARQ,2011,
 ,15-64, ,Ireland,Best,HHS,ARQ,2011,6
 ,15-64, ,Ireland,Female,HHS,Government source,2007,
 ,15-64, ,Ireland,Male,HHS,Government source,2007,
 ,15-64, ,Ireland,Low,HHS,Government source,2007,
 ,15-64, ,Ireland,High,HHS,Government source,2007,
 ,15-64, ,Ireland,Best,HHS,Government source,2007,6.3
 ,18-65, ,Israel,Female,HHS,ARQ,2016,21.8
 ,18-65, ,Israel,Male,HHS,ARQ,2016,32.2
 ,18-65, ,Israel,Low,HHS,ARQ,2016,
 ,18-65, ,Israel,High,HHS,ARQ,2016,
 ,18-65, ,Israel,Best,HHS,ARQ,2016,27
 ,18-40, ,Israel,Female,HHS,ARQ,2009,5.5
 ,18-40, ,Israel,Male,HHS,ARQ,2009,12.3
 ,18-40, ,Israel,Low,HHS,ARQ,2009,8.9
 ,18-40, ,Israel,High,HHS,ARQ,2009,8.9
 ,18-40, ,Israel,Best,HHS,ARQ,2009,8.88
 ,18-40, ,Israel,Female, ,ARQ,2005,
 ,18-40, ,Israel,Male, ,ARQ,2005,
 ,18-40, ,Israel,Low, ,ARQ,2005,
 ,18-40, ,Israel,High, ,ARQ,2005,
 ,18-40, ,Israel,Best, ,ARQ,2005,8.5
 ,15-64,Data refers to 2013-14,Italy,Female,HHS,ARQ,2013,6.6
 ,15-64,Data refers to 2013-14,Italy,Male,HHS,ARQ,2013,11.9
 ,15-64,Data refers to 2013-14,Italy,Low,HHS,ARQ,2013,
 ,15-64,Data refers to 2013-14,Italy,High,HHS,ARQ,2013,
 ,15-64,Data refers to 2013-14,Italy,Best,HHS,ARQ,2013,9.2
 ,15-64, ,Italy,Female,HHS,ARQ,2012,3
 ,15-64, ,Italy,Male,HHS,ARQ,2012,5.19
 ,15-64, ,Italy,Low,HHS,ARQ,2012,
 ,15-64, ,Italy,High,HHS,ARQ,2012,
 ,15-64, ,Italy,Best,HHS,ARQ,2012,4
 ,15-64, ,Italy,Female,HHS,Government source,2008,
 ,15-64, ,Italy,Male,HHS,Government source,2008,
 ,15-64, ,Italy,Low,HHS,Government source,2008,
 ,15-64, ,Italy,High,HHS,Government source,2008,
 ,15-64, ,Italy,Best,HHS,Government source,2008,14.6
 ,15-65, ,Italy,Female,HHS,EMCDDA,2005,
 ,15-65, ,Italy,Male,HHS,EMCDDA,2005,
 ,15-65, ,Italy,Low,HHS,EMCDDA,2005,
 ,15-65, ,Italy,High,HHS,EMCDDA,2005,
 ,15-65, ,Italy,Best,HHS,EMCDDA,2005,11.2
"d, e",15-64, ,Jamaica,Female,SS,UNODC Estimate,2010,
"d, e",15-64, ,Jamaica,Male,SS,UNODC Estimate,2010,
"d, e",15-64, ,Jamaica,Low,SS,UNODC Estimate,2010,4.25
"d, e",15-64, ,Jamaica,High,SS,UNODC Estimate,2010,10.17
"d, e",15-64, ,Jamaica,Best,SS,UNODC Estimate,2010,7.21
"d, e",15-64, ,Jamaica,Female,SS,Government source,2006,
"d, e",15-64, ,Jamaica,Male,SS,Government source,2006,
"d, e",15-64, ,Jamaica,Low,SS,Government source,2006,7.52
"d, e",15-64, ,Jamaica,High,SS,Government source,2006,12.2
"d, e",15-64, ,Jamaica,Best,SS,Government source,2006,9.86
e,12-55, ,Jamaica,Female, ,UNODC Estimate,2001,
e,12-55, ,Jamaica,Male, ,UNODC Estimate,2001,
e,12-55, ,Jamaica,Low, ,UNODC Estimate,2001,
e,12-55, ,Jamaica,High, ,UNODC Estimate,2001,
e,12-55, ,Jamaica,Best, ,UNODC Estimate,2001,10.7
e,15-64, ,Japan,Female,HHS,UNODC Estimate,2011,
e,15-64, ,Japan,Male,HHS,UNODC Estimate,2011,
e,15-64, ,Japan,Low,HHS,UNODC Estimate,2011,
e,15-64, ,Japan,High,HHS,UNODC Estimate,2011,
e,15-64, ,Japan,Best,HHS,UNODC Estimate,2011,0.3
d,15-64, ,Kazakhstan,Female,SS,ARQ,2012,
d,15-64, ,Kazakhstan,Male,SS,ARQ,2012,
d,15-64, ,Kazakhstan,Low,SS,ARQ,2012,0.6
d,15-64, ,Kazakhstan,High,SS,ARQ,2012,4.3
d,15-64, ,Kazakhstan,Best,SS,ARQ,2012,2.4
 ,15-64, ,Kazakhstan,Female, ,INCSR,2003,
 ,15-64, ,Kazakhstan,Male, ,INCSR,2003,
 ,15-64, ,Kazakhstan,Low, ,INCSR,2003,
 ,15-64, ,Kazakhstan,High, ,INCSR,2003,
 ,15-64, ,Kazakhstan,Best, ,INCSR,2003,4.2
 ,15 - 64, ,Kenya,Female,HHS,ARQ,2016,0.3
 ,15 - 64, ,Kenya,Male,HHS,ARQ,2016,2.1
 ,15 - 64, ,Kenya,Low,HHS,ARQ,2016,
 ,15 - 64, ,Kenya,High,HHS,ARQ,2016,
 ,15 - 64, ,Kenya,Best,HHS,ARQ,2016,1.2
"b, e",15-65, ,Kenya,Female,HHS,Govt,2007,
"b, e",15-65, ,Kenya,Male,HHS,Govt,2007,
"b, e",15-65, ,Kenya,Low,HHS,Govt,2007,0.3
"b, e",15-65, ,Kenya,High,HHS,Govt,2007,4
"b, e",15-65, ,Kenya,Best,HHS,Govt,2007,2.1
"c, d, e, f",15-64, ,Kenya,Female,"SS, A","ARQ, NGO, Council of Europe",2004,
"c, d, e, f",15-64, ,Kenya,Male,"SS, A","ARQ, NGO, Council of Europe",2004,
"c, d, e, f",15-64, ,Kenya,Low,"SS, A","ARQ, NGO, Council of Europe",2004,
"c, d, e, f",15-64, ,Kenya,High,"SS, A","ARQ, NGO, Council of Europe",2004,
"c, d, e, f",15-64, ,Kenya,Best,"SS, A","ARQ, NGO, Council of Europe",2004,7.1
 ,15-64, ,Kuwait,Female, ,UNODC Estimate,2005,
 ,15-64, ,Kuwait,Male, ,UNODC Estimate,2005,
 ,15-64, ,Kuwait,Low, ,UNODC Estimate,2005,
 ,15-64, ,Kuwait,High, ,UNODC Estimate,2005,
 ,15-64, ,Kuwait,Best, ,UNODC Estimate,2005,3.1
"c, d",15-64, ,Lao People's Democratic Republic,Female,SS,UNODC report,2008,
"c, d",15-64, ,Lao People's Democratic Republic,Male,SS,UNODC report,2008,
"c, d",15-64, ,Lao People's Democratic Republic,Low,SS,UNODC report,2008,0.69
"c, d",15-64, ,Lao People's Democratic Republic,High,SS,UNODC report,2008,1.07
"c, d",15-64, ,Lao People's Democratic Republic,Best,SS,UNODC report,2008,0.88
 ,15-64, ,Latvia,Female,HHS,ARQ,2015,1.7
 ,15-64, ,Latvia,Male,HHS,ARQ,2015,6.9
 ,15-64, ,Latvia,Low,HHS,ARQ,2015,
 ,15-64, ,Latvia,High,HHS,ARQ,2015,
 ,15-64, ,Latvia,Best,HHS,ARQ,2015,4.2
 ,15-64, ,Latvia,Female,HHS,ARQ,2011,2.4
 ,15-64, ,Latvia,Male,HHS,ARQ,2011,5.7
 ,15-64, ,Latvia,Low,HHS,ARQ,2011,
 ,15-64, ,Latvia,High,HHS,ARQ,2011,
 ,15-64, ,Latvia,Best,HHS,ARQ,2011,4
 ,15-64, ,Latvia,Female, ,ARQ,2007,
 ,15-64, ,Latvia,Male, ,ARQ,2007,
 ,15-64, ,Latvia,Low, ,ARQ,2007,
 ,15-64, ,Latvia,High, ,ARQ,2007,
 ,15-64, ,Latvia,Best, ,ARQ,2007,4.9
"d, e",15-64, ,Lebanon,Female,SS,Government source/MEDSPAD,2009,
"d, e",15-64, ,Lebanon,Male,SS,Government source/MEDSPAD,2009,
"d, e",15-64, ,Lebanon,Low,SS,Government source/MEDSPAD,2009,0.5
"d, e",15-64, ,Lebanon,High,SS,Government source/MEDSPAD,2009,3.5
"d, e",15-64, ,Lebanon,Best,SS,Government source/MEDSPAD,2009,2
d,15-64, ,Lebanon,Female, ,ARQ,2001,
d,15-64, ,Lebanon,Male, ,ARQ,2001,
d,15-64, ,Lebanon,Low, ,ARQ,2001,
d,15-64, ,Lebanon,High, ,ARQ,2001,
d,15-64, ,Lebanon,Best, ,ARQ,2001,6.4
"a, b, e",15-64, ,Liberia,Female, ,UNODC Estimate,2008,
"a, b, e",15-64, ,Liberia,Male, ,UNODC Estimate,2008,
"a, b, e",15-64, ,Liberia,Low, ,UNODC Estimate,2008,1.53
"a, b, e",15-64, ,Liberia,High, ,UNODC Estimate,2008,4.83
"a, b, e",15-64, ,Liberia,Best, ,UNODC Estimate,2008,3.18
 ,15 - 64, ,Lithuania,Female,HHS,ARQ,2016,1
 ,15 - 64, ,Lithuania,Male,HHS,ARQ,2016,4.6
 ,15 - 64, ,Lithuania,Low,HHS,ARQ,2016,
 ,15 - 64, ,Lithuania,High,HHS,ARQ,2016,
 ,15 - 64, ,Lithuania,Best,HHS,ARQ,2016,2.7
 ,15-64, ,Lithuania,Female,HHS,ARQ,2012,1
 ,15-64, ,Lithuania,Male,HHS,ARQ,2012,3.6
 ,15-64, ,Lithuania,Low,HHS,ARQ,2012,
 ,15-64, ,Lithuania,High,HHS,ARQ,2012,
 ,15-64, ,Lithuania,Best,HHS,ARQ,2012,2.3
 ,15-64, ,Lithuania,Female,HHS,ARQ,2008,
 ,15-64, ,Lithuania,Male,HHS,ARQ,2008,
 ,15-64, ,Lithuania,Low,HHS,ARQ,2008,
 ,15-64, ,Lithuania,High,HHS,ARQ,2008,
 ,15-64, ,Lithuania,Best,HHS,ARQ,2008,5.6
 ,15-64, ,Lithuania,Female, ,ARQ,2004,
 ,15-64, ,Lithuania,Male, ,ARQ,2004,
 ,15-64, ,Lithuania,Low, ,ARQ,2004,
 ,15-64, ,Lithuania,High, ,ARQ,2004,
 ,15-64, ,Lithuania,Best, ,ARQ,2004,2.2
d,15-64, ,Luxembourg,Female,SS,ARQ,2010,
d,15-64, ,Luxembourg,Male,SS,ARQ,2010,
d,15-64, ,Luxembourg,Low,SS,ARQ,2010,3.2
d,15-64, ,Luxembourg,High,SS,ARQ,2010,7.1
d,15-64, ,Luxembourg,Best,SS,ARQ,2010,5.2
d,15-64, ,Luxembourg,Female,SS,ARQ,2006,
d,15-64, ,Luxembourg,Male,SS,ARQ,2006,
d,15-64, ,Luxembourg,Low,SS,ARQ,2006,4.5
d,15-64, ,Luxembourg,High,SS,ARQ,2006,8.66
d,15-64, ,Luxembourg,Best,SS,ARQ,2006,6.6
 ,15-64, ,Luxembourg,Female, ,UNODC Estimate,2003,
 ,15-64, ,Luxembourg,Male, ,UNODC Estimate,2003,
 ,15-64, ,Luxembourg,Low, ,UNODC Estimate,2003,
 ,15-64, ,Luxembourg,High, ,UNODC Estimate,2003,
 ,15-64, ,Luxembourg,Best, ,UNODC Estimate,2003,7.6
"d, e",15-64, ,Madagascar,Female,"SS, A",ARQ,2004,
"d, e",15-64, ,Madagascar,Male,"SS, A",ARQ,2004,
"d, e",15-64, ,Madagascar,Low,"SS, A",ARQ,2004,
"d, e",15-64, ,Madagascar,High,"SS, A",ARQ,2004,
"d, e",15-64, ,Madagascar,Best,"SS, A",ARQ,2004,9.1
 ,15-64, ,Malaysia,Female, ,UNODC Estimate,2003,
 ,15-64, ,Malaysia,Male, ,UNODC Estimate,2003,
 ,15-64, ,Malaysia,Low, ,UNODC Estimate,2003,
 ,15-64, ,Malaysia,High, ,UNODC Estimate,2003,
 ,15-64, ,Malaysia,Best, ,UNODC Estimate,2003,1.6
 ,15-64, ,Maldives,Female, ,Government source,2012,
 ,15-64, ,Maldives,Male, ,Government source,2012,
 ,15-64, ,Maldives,Low, ,Government source,2012,
 ,15-64, ,Maldives,High, ,Government source,2012,
 ,15-64, ,Maldives,Best, ,Government source,2012,2.55
 ,15-64, ,Malta,Female,HHS,ARQ,2013,
 ,15-64, ,Malta,Male,HHS,ARQ,2013,
 ,15-64, ,Malta,Low,HHS,ARQ,2013,
 ,15-64, ,Malta,High,HHS,ARQ,2013,
 ,15-64, ,Malta,Best,HHS,ARQ,2013,0.9
d,15-64, ,Malta,Female,SS,ESPAD,2011,
d,15-64, ,Malta,Male,SS,ESPAD,2011,
d,15-64, ,Malta,Low,SS,ESPAD,2011,1.39
d,15-64, ,Malta,High,SS,ESPAD,2011,4.82
d,15-64, ,Malta,Best,SS,ESPAD,2011,3.1
"d, e",15-64, ,Malta,Female,SS,ESPAD,2007,
"d, e",15-64, ,Malta,Male,SS,ESPAD,2007,
"d, e",15-64, ,Malta,Low,SS,ESPAD,2007,4.42
"d, e",15-64, ,Malta,High,SS,ESPAD,2007,4.6
"d, e",15-64, ,Malta,Best,SS,ESPAD,2007,4.51
a,15-54, ,Mauritius,Female, ,Government source,2009,
a,15-54, ,Mauritius,Male, ,Government source,2009,
a,15-54, ,Mauritius,Low, ,Government source,2009,
a,15-54, ,Mauritius,High, ,Government source,2009,
a,15-54, ,Mauritius,Best, ,Government source,2009,1.08
 ,15-54, ,Mauritius,Female, ,ARQ,2004,
 ,15-54, ,Mauritius,Male, ,ARQ,2004,
 ,15-54, ,Mauritius,Low, ,ARQ,2004,
 ,15-54, ,Mauritius,High, ,ARQ,2004,
 ,15-54, ,Mauritius,Best, ,ARQ,2004,3.9
 ,12 - 65,Cannabis herb,Mexico,Female,HHS,ARQ/Government,2016,0.9
 ,12 - 65,Cannabis herb,Mexico,Male,HHS,ARQ/Government,2016,3.5
 ,12 - 65,Cannabis herb,Mexico,Low,HHS,ARQ/Government,2016,1.9
 ,12 - 65,Cannabis herb,Mexico,High,HHS,ARQ/Government,2016,2.3
 ,12 - 65,Cannabis herb,Mexico,Best,HHS,ARQ/Government,2016,2.1
 ,12-65, ,Mexico,Female,HHS,Government Source,2011,
 ,12-65, ,Mexico,Male,HHS,Government Source,2011,
 ,12-65, ,Mexico,Low,HHS,Government Source,2011,0.96
 ,12-65, ,Mexico,High,HHS,Government Source,2011,1.46
 ,12-65, ,Mexico,Best,HHS,Government Source,2011,1.2
 ,12-65, ,Mexico,Female,HHS,Government source,2008,
 ,12-65, ,Mexico,Male,HHS,Government source,2008,
 ,12-65, ,Mexico,Low,HHS,Government source,2008,
 ,12-65, ,Mexico,High,HHS,Government source,2008,
 ,12-65, ,Mexico,Best,HHS,Government source,2008,1
"d, e",15-64, ,Montenegro,Female,SS,ESPAD/UNODC Estimate,2015,
"d, e",15-64, ,Montenegro,Male,SS,ESPAD/UNODC Estimate,2015,
"d, e",15-64, ,Montenegro,Low,SS,ESPAD/UNODC Estimate,2015,1.1
"d, e",15-64, ,Montenegro,High,SS,ESPAD/UNODC Estimate,2015,2.54
"d, e",15-64, ,Montenegro,Best,SS,ESPAD/UNODC Estimate,2015,1.82
d,15-64, ,Montenegro,Female,SS,ESPAD,2011,
d,15-64, ,Montenegro,Male,SS,ESPAD,2011,
d,15-64, ,Montenegro,Low,SS,ESPAD,2011,0.43
d,15-64, ,Montenegro,High,SS,ESPAD,2011,3.3
d,15-64, ,Montenegro,Best,SS,ESPAD,2011,1.9
"d, e",15-64, ,Montenegro,Female,SS,ESPAD,2008,
"d, e",15-64, ,Montenegro,Male,SS,ESPAD,2008,
"d, e",15-64, ,Montenegro,Low,SS,ESPAD,2008,
"d, e",15-64, ,Montenegro,High,SS,ESPAD,2008,
"d, e",15-64, ,Montenegro,Best,SS,ESPAD,2008,0.23
 ,15-64, ,Morocco,Female,HHS,ARQ,2004,
 ,15-64, ,Morocco,Male,HHS,ARQ,2004,
 ,15-64, ,Morocco,Low,HHS,ARQ,2004,
 ,15-64, ,Morocco,High,HHS,ARQ,2004,
 ,15-64, ,Morocco,Best,HHS,ARQ,2004,4.22
"d, e",15-64, ,Myanmar,Female, ,UNODC Estimate,2005,
"d, e",15-64, ,Myanmar,Male, ,UNODC Estimate,2005,
"d, e",15-64, ,Myanmar,Low, ,UNODC Estimate,2005,
"d, e",15-64, ,Myanmar,High, ,UNODC Estimate,2005,
"d, e",15-64, ,Myanmar,Best, ,UNODC Estimate,2005,0.94
 ,15-64, ,Netherlands,Female,HHS,EMCDDA,2015,5.7
 ,15-64, ,Netherlands,Male,HHS,EMCDDA,2015,11.6
 ,15-64, ,Netherlands,Low,HHS,EMCDDA,2015,
 ,15-64, ,Netherlands,High,HHS,EMCDDA,2015,
 ,15-64, ,Netherlands,Best,HHS,EMCDDA,2015,8.7
 ,15-64, ,Netherlands,Female,HHS,ARQ,2014,5.4
 ,15-64, ,Netherlands,Male,HHS,ARQ,2014,10.5
 ,15-64, ,Netherlands,Low,HHS,ARQ,2014,
 ,15-64, ,Netherlands,High,HHS,ARQ,2014,
 ,15-64, ,Netherlands,Best,HHS,ARQ,2014,8
 ,15-64, ,Netherlands,Female, ,ARQ,2009,
 ,15-64, ,Netherlands,Male, ,ARQ,2009,
 ,15-64, ,Netherlands,Low, ,ARQ,2009,
 ,15-64, ,Netherlands,High, ,ARQ,2009,
 ,15-64, ,Netherlands,Best, ,ARQ,2009,7
 ,15-64, ,Netherlands,Female, ,ARQ,2005,
 ,15-64, ,Netherlands,Male, ,ARQ,2005,
 ,15-64, ,Netherlands,Low, ,ARQ,2005,
 ,15-64, ,Netherlands,High, ,ARQ,2005,
 ,15-64, ,Netherlands,Best, ,ARQ,2005,5.4
a,15-64,Data for 2016-17.,New Zealand,Female,HHS,Government source,2017,9.39
a,15-64,Data for 2016-17.,New Zealand,Male,HHS,Government source,2017,18.52
a,15-64,Data for 2016-17.,New Zealand,Low,HHS,Government source,2017,
a,15-64,Data for 2016-17.,New Zealand,High,HHS,Government source,2017,
a,15-64,Data for 2016-17.,New Zealand,Best,HHS,Government source,2017,13.89
a,15-64,Data for 2015-16.,New Zealand,Female,HHS,Government source,2016,9.66
a,15-64,Data for 2015-16.,New Zealand,Male,HHS,Government source,2016,17.9
a,15-64,Data for 2015-16.,New Zealand,Low,HHS,Government source,2016,
a,15-64,Data for 2015-16.,New Zealand,High,HHS,Government source,2016,
a,15-64,Data for 2015-16.,New Zealand,Best,HHS,Government source,2016,13.73
 ,15+,2012/13 New Zealand Health Survey: Drug Module,New Zealand,Female,HHS,Government source,2013,7.9
 ,15+,2012/13 New Zealand Health Survey: Drug Module,New Zealand,Male,HHS,Government source,2013,14.3
 ,15+,2012/13 New Zealand Health Survey: Drug Module,New Zealand,Low,HHS,Government source,2013,10.3
 ,15+,2012/13 New Zealand Health Survey: Drug Module,New Zealand,High,HHS,Government source,2013,11.7
 ,15+,2012/13 New Zealand Health Survey: Drug Module,New Zealand,Best,HHS,Government source,2013,11
 ,16-64,2007/08 New Zealand Alcohol and Drug Use Survey,New Zealand,Female,HHS,Government source,2008,11.3
 ,16-64,2007/08 New Zealand Alcohol and Drug Use Survey,New Zealand,Male,HHS,Government source,2008,18.2
 ,16-64,2007/08 New Zealand Alcohol and Drug Use Survey,New Zealand,Low,HHS,Government source,2008,13.4
 ,16-64,2007/08 New Zealand Alcohol and Drug Use Survey,New Zealand,High,HHS,Government source,2008,15.7
 ,16-64,2007/08 New Zealand Alcohol and Drug Use Survey,New Zealand,Best,HHS,Government source,2008,14.6
 ,16-64, ,New Zealand,Female,HHS,Government source,2007,
 ,16-64, ,New Zealand,Male,HHS,Government source,2007,
 ,16-64, ,New Zealand,Low,HHS,Government source,2007,
 ,16-64, ,New Zealand,High,HHS,Government source,2007,
 ,16-64, ,New Zealand,Best,HHS,Government source,2007,14.6
a,15-64, ,New Zealand,Female,HHS,ARQ,2006,
a,15-64, ,New Zealand,Male,HHS,ARQ,2006,
a,15-64, ,New Zealand,Low,HHS,ARQ,2006,
a,15-64, ,New Zealand,High,HHS,ARQ,2006,
a,15-64, ,New Zealand,Best,HHS,ARQ,2006,13.25
c,12-65, ,Nicaragua,Female,HHS,UNODC Estimate,2006,
c,12-65, ,Nicaragua,Male,HHS,UNODC Estimate,2006,
c,12-65, ,Nicaragua,Low,HHS,UNODC Estimate,2006,1.06
c,12-65, ,Nicaragua,High,HHS,UNODC Estimate,2006,1.07
c,12-65, ,Nicaragua,Best,HHS,UNODC Estimate,2006,1.07
 ,12-65, ,Nicaragua,Female,HHS,UNODC Estimate,2002,
 ,12-65, ,Nicaragua,Male,HHS,UNODC Estimate,2002,
 ,12-65, ,Nicaragua,Low,HHS,UNODC Estimate,2002,
 ,12-65, ,Nicaragua,High,HHS,UNODC Estimate,2002,
 ,12-65, ,Nicaragua,Best,HHS,UNODC Estimate,2002,2.2
"a, b, e",15-64, ,Nigeria,Female,HHS,ARQ,2008,
"a, b, e",15-64, ,Nigeria,Male,HHS,ARQ,2008,
"a, b, e",15-64, ,Nigeria,Low,HHS,ARQ,2008,11.76
"a, b, e",15-64, ,Nigeria,High,HHS,ARQ,2008,16.84
"a, b, e",15-64, ,Nigeria,Best,HHS,ARQ,2008,14.3
 ,16 - 64, ,Norway,Female,HHS,ARQ,2016,2.6
 ,16 - 64, ,Norway,Male,HHS,ARQ,2016,5.1
 ,16 - 64, ,Norway,Low,HHS,ARQ,2016,
 ,16 - 64, ,Norway,High,HHS,ARQ,2016,
 ,16 - 64, ,Norway,Best,HHS,ARQ,2016,3.9
 ,16-64, ,Norway,Female,HHS,ARQ,2015,2.9
 ,16-64, ,Norway,Male,HHS,ARQ,2015,5.5
 ,16-64, ,Norway,Low,HHS,ARQ,2015,
 ,16-64, ,Norway,High,HHS,ARQ,2015,
 ,16-64, ,Norway,Best,HHS,ARQ,2015,4.2
 ,16-64, ,Norway,Female,HHS,ARQ,2014,2.3
 ,16-64, ,Norway,Male,HHS,ARQ,2014,6
 ,16-64, ,Norway,Low,HHS,ARQ,2014,
 ,16-64, ,Norway,High,HHS,ARQ,2014,
 ,16-64, ,Norway,Best,HHS,ARQ,2014,4.2
 ,16-64, ,Norway,Female,HHS,ARQ,2013,2.8
 ,16-64, ,Norway,Male,HHS,ARQ,2013,7.2
 ,16-64, ,Norway,Low,HHS,ARQ,2013,
 ,16-64, ,Norway,High,HHS,ARQ,2013,
 ,16-64, ,Norway,Best,HHS,ARQ,2013,5.1
 ,15–64, ,Norway,Female,HHS,ARQ,2009,
 ,15–64, ,Norway,Male,HHS,ARQ,2009,
 ,15–64, ,Norway,Low,HHS,ARQ,2009,
 ,15–64, ,Norway,High,HHS,ARQ,2009,
 ,15–64, ,Norway,Best,HHS,ARQ,2009,3.8
 ,15-64, ,Norway,Female, ,ARQ,2004,
 ,15-64, ,Norway,Male, ,ARQ,2004,
 ,15-64, ,Norway,Low, ,ARQ,2004,
 ,15-64, ,Norway,High, ,ARQ,2004,
 ,15-64, ,Norway,Best, ,ARQ,2004,4.6
 ,15-64, ,Pakistan,Female, ,Government/UNODC,2012,0.2
 ,15-64, ,Pakistan,Male, ,Government/UNODC,2012,6.7
 ,15-64, ,Pakistan,Low, ,Government/UNODC,2012,3.1
 ,15-64, ,Pakistan,High, ,Government/UNODC,2012,4
 ,15-64, ,Pakistan,Best, ,Government/UNODC,2012,3.6
 ,15-64, ,Pakistan,Female, ,INCSR,2000,
 ,15-64, ,Pakistan,Male, ,INCSR,2000,
 ,15-64, ,Pakistan,Low, ,INCSR,2000,
 ,15-64, ,Pakistan,High, ,INCSR,2000,
 ,15-64, ,Pakistan,Best, ,INCSR,2000,3.9
 ,12.65,Urban areas. Cannabis herb.,Panama,Female,HHS,ARQ,2015,0.14
 ,12.65,Urban areas. Cannabis herb.,Panama,Male,HHS,ARQ,2015,1.52
 ,12.65,Urban areas. Cannabis herb.,Panama,Low,HHS,ARQ,2015,
 ,12.65,Urban areas. Cannabis herb.,Panama,High,HHS,ARQ,2015,
 ,12.65,Urban areas. Cannabis herb.,Panama,Best,HHS,ARQ,2015,0.77
"d, e",12-65, ,Panama,Female,HHS,UNODC Estimate,2003,
"d, e",12-65, ,Panama,Male,HHS,UNODC Estimate,2003,
"d, e",12-65, ,Panama,Low,HHS,UNODC Estimate,2003,3.4
"d, e",12-65, ,Panama,High,HHS,UNODC Estimate,2003,3.7
"d, e",12-65, ,Panama,Best,HHS,UNODC Estimate,2003,3.55
 ,12-65, ,Paraguay,Female, ,UNODC Estimate,2005,
 ,12-65, ,Paraguay,Male, ,UNODC Estimate,2005,
 ,12-65, ,Paraguay,Low, ,UNODC Estimate,2005,
 ,12-65, ,Paraguay,High, ,UNODC Estimate,2005,
 ,12-65, ,Paraguay,Best, ,UNODC Estimate,2005,1.6
 ,12-65, ,Peru,Female,HHS,ARQ,2010,0.22
 ,12-65, ,Peru,Male,HHS,ARQ,2010,1.98
 ,12-65, ,Peru,Low,HHS,ARQ,2010,
 ,12-65, ,Peru,High,HHS,ARQ,2010,
 ,12-65, ,Peru,Best,HHS,ARQ,2010,1.03
 ,15-64, ,Peru,Female,HHS,Government source,2006,
 ,15-64, ,Peru,Male,HHS,Government source,2006,
 ,15-64, ,Peru,Low,HHS,Government source,2006,
 ,15-64, ,Peru,High,HHS,Government source,2006,
 ,15-64, ,Peru,Best,HHS,Government source,2006,0.7
 ,10 - 69,Cannabis herb. Data for 2015/16.,Philippines,Female,HHS,ARQ,2016,
 ,10 - 69,Cannabis herb. Data for 2015/16.,Philippines,Male,HHS,ARQ,2016,
 ,10 - 69,Cannabis herb. Data for 2015/16.,Philippines,Low,HHS,ARQ,2016,
 ,10 - 69,Cannabis herb. Data for 2015/16.,Philippines,High,HHS,ARQ,2016,
 ,10 - 69,Cannabis herb. Data for 2015/16.,Philippines,Best,HHS,ARQ,2016,1.64
 ,10-69, ,Philippines,Female,HHS,ARQ,2012,
 ,10-69, ,Philippines,Male,HHS,ARQ,2012,
 ,10-69, ,Philippines,Low,HHS,ARQ,2012,
 ,10-69, ,Philippines,High,HHS,ARQ,2012,
 ,10-69, ,Philippines,Best,HHS,ARQ,2012,0.61
 ,10-64, ,Philippines,Female,HHS,ARQ,2008,
 ,10-64, ,Philippines,Male,HHS,ARQ,2008,
 ,10-64, ,Philippines,Low,HHS,ARQ,2008,
 ,10-64, ,Philippines,High,HHS,ARQ,2008,
 ,10-64, ,Philippines,Best,HHS,ARQ,2008,0.74
 ,15 - 64, ,Poland,Female,HHS,ARQ,2016,1.7
 ,15 - 64, ,Poland,Male,HHS,ARQ,2016,3.2
 ,15 - 64, ,Poland,Low,HHS,ARQ,2016,
 ,15 - 64, ,Poland,High,HHS,ARQ,2016,
 ,15 - 64, ,Poland,Best,HHS,ARQ,2016,2.4
 ,15-64,Data refers to 2014/15,Poland,Female,HHS,ARQ,2014,1.7
 ,15-64,Data refers to 2014/15,Poland,Male,HHS,ARQ,2014,7.8
 ,15-64,Data refers to 2014/15,Poland,Low,HHS,ARQ,2014,
 ,15-64,Data refers to 2014/15,Poland,High,HHS,ARQ,2014,
 ,15-64,Data refers to 2014/15,Poland,Best,HHS,ARQ,2014,4.6
 ,15-64, ,Poland,Female,HHS,ARQ,2012,1.7
 ,15-64, ,Poland,Male,HHS,ARQ,2012,6
 ,15-64, ,Poland,Low,HHS,ARQ,2012,
 ,15-64, ,Poland,High,HHS,ARQ,2012,
 ,15-64, ,Poland,Best,HHS,ARQ,2012,3.8
 ,15-64, ,Poland,Female,HHS,ARQ,2010,
 ,15-64, ,Poland,Male,HHS,ARQ,2010,
 ,15-64, ,Poland,Low,HHS,ARQ,2010,
 ,15-64, ,Poland,High,HHS,ARQ,2010,
 ,15-64, ,Poland,Best,HHS,ARQ,2010,9.6
 ,15-64, ,Poland,Female,HHS,ARQ,2006,
 ,15-64, ,Poland,Male,HHS,ARQ,2006,
 ,15-64, ,Poland,Low,HHS,ARQ,2006,
 ,15-64, ,Poland,High,HHS,ARQ,2006,
 ,15-64, ,Poland,Best,HHS,ARQ,2006,2.7
 ,15-64, ,Portugal,Female,HHS,ARQ,2012,1.3
 ,15-64, ,Portugal,Male,HHS,ARQ,2012,4.1
 ,15-64, ,Portugal,Low,HHS,ARQ,2012,
 ,15-64, ,Portugal,High,HHS,ARQ,2012,
 ,15-64, ,Portugal,Best,HHS,ARQ,2012,2.7
 ,15-64, ,Portugal,Female,HHS,ARQ,2007,
 ,15-64, ,Portugal,Male,HHS,ARQ,2007,
 ,15-64, ,Portugal,Low,HHS,ARQ,2007,
 ,15-64, ,Portugal,High,HHS,ARQ,2007,
 ,15-64, ,Portugal,Best,HHS,ARQ,2007,3.6
"d, e",15-64, ,Puerto Rico,Female,SS,Government source,2005,
"d, e",15-64, ,Puerto Rico,Male,SS,Government source,2005,
"d, e",15-64, ,Puerto Rico,Low,SS,Government source,2005,3.1
"d, e",15-64, ,Puerto Rico,High,SS,Government source,2005,6.65
"d, e",15-64, ,Puerto Rico,Best,SS,Government source,2005,4.88
"c, e",15-64, ,Republic of Korea,Female,HHS,ARQ,2004,
"c, e",15-64, ,Republic of Korea,Male,HHS,ARQ,2004,
"c, e",15-64, ,Republic of Korea,Low,HHS,ARQ,2004,0.07
"c, e",15-64, ,Republic of Korea,High,HHS,ARQ,2004,0.55
"c, e",15-64, ,Republic of Korea,Best,HHS,ARQ,2004,0.29
 ,15-64, ,Republic of Moldova,Female,HHS,Government source,2010,
 ,15-64, ,Republic of Moldova,Male,HHS,Government source,2010,
 ,15-64, ,Republic of Moldova,Low,HHS,Government source,2010,
 ,15-64, ,Republic of Moldova,High,HHS,Government source,2010,
 ,15-64, ,Republic of Moldova,Best,HHS,Government source,2010,0.7
 ,15-64, ,Republic of Moldova,Female,HHS,Government source,2008,
 ,15-64, ,Republic of Moldova,Male,HHS,Government source,2008,
 ,15-64, ,Republic of Moldova,Low,HHS,Government source,2008,
 ,15-64, ,Republic of Moldova,High,HHS,Government source,2008,
 ,15-64, ,Republic of Moldova,Best,HHS,Government source,2008,0.9
 ,15 - 64, ,Romania,Female,HHS,ARQ,2016,2
 ,15 - 64, ,Romania,Male,HHS,ARQ,2016,4.3
 ,15 - 64, ,Romania,Low,HHS,ARQ,2016,
 ,15 - 64, ,Romania,High,HHS,ARQ,2016,
 ,15 - 64, ,Romania,Best,HHS,ARQ,2016,3.2
 ,15-64, ,Romania,Female,HHS,ARQ,2013,1.8
 ,15-64, ,Romania,Male,HHS,ARQ,2013,2.3
 ,15-64, ,Romania,Low,HHS,ARQ,2013,
 ,15-64, ,Romania,High,HHS,ARQ,2013,
 ,15-64, ,Romania,Best,HHS,ARQ,2013,2
 ,15-64, ,Romania,Female,HHS,ARQ,2010,
 ,15-64, ,Romania,Male,HHS,ARQ,2010,
 ,15-64, ,Romania,Low,HHS,ARQ,2010,
 ,15-64, ,Romania,High,HHS,ARQ,2010,
 ,15-64, ,Romania,Best,HHS,ARQ,2010,0.3
 ,15-64, ,Romania,Female,HHS,ARQ,2007,
 ,15-64, ,Romania,Male,HHS,ARQ,2007,
 ,15-64, ,Romania,Low,HHS,ARQ,2007,
 ,15-64, ,Romania,High,HHS,ARQ,2007,
 ,15-64, ,Romania,Best,HHS,ARQ,2007,0.4
"d, e",15-64, ,Russian Federation,Female,SS,ESPAD/UNODC Estimate,2007,
"d, e",15-64, ,Russian Federation,Male,SS,ESPAD/UNODC Estimate,2007,
"d, e",15-64, ,Russian Federation,Low,SS,ESPAD/UNODC Estimate,2007,3.46
"d, e",15-64, ,Russian Federation,High,SS,ESPAD/UNODC Estimate,2007,3.51
"d, e",15-64, ,Russian Federation,Best,SS,ESPAD/UNODC Estimate,2007,3.49
"d, e",15-64, ,Saint Lucia,Female,SS,UNODC Estimate,2010,
"d, e",15-64, ,Saint Lucia,Male,SS,UNODC Estimate,2010,
"d, e",15-64, ,Saint Lucia,Low,SS,UNODC Estimate,2010,5.64
"d, e",15-64, ,Saint Lucia,High,SS,UNODC Estimate,2010,12.1
"d, e",15-64, ,Saint Lucia,Best,SS,UNODC Estimate,2010,8.87
"d, e",15-64, ,Saint Lucia,Female,SS,UNODC Estimate,2006,
"d, e",15-64, ,Saint Lucia,Male,SS,UNODC Estimate,2006,
"d, e",15-64, ,Saint Lucia,Low,SS,UNODC Estimate,2006,
"d, e",15-64, ,Saint Lucia,High,SS,UNODC Estimate,2006,
"d, e",15-64, ,Saint Lucia,Best,SS,UNODC Estimate,2006,9
 ,15-64, ,Saudi Arabia,Female,R,Government source/ NGO/Academic research,2006,
 ,15-64, ,Saudi Arabia,Male,R,Government source/ NGO/Academic research,2006,
 ,15-64, ,Saudi Arabia,Low,R,Government source/ NGO/Academic research,2006,
 ,15-64, ,Saudi Arabia,High,R,Government source/ NGO/Academic research,2006,
 ,15-64, ,Saudi Arabia,Best,R,Government source/ NGO/Academic research,2006,0.3
 ,18-64, ,Serbia,Female,HHS,Government source,2014,0.6
 ,18-64, ,Serbia,Male,HHS,Government source,2014,2.5
 ,18-64, ,Serbia,Low,HHS,Government source,2014,
 ,18-64, ,Serbia,High,HHS,Government source,2014,
 ,18-64, ,Serbia,Best,HHS,Government source,2014,1.6
"a, d, e",15-64, ,Serbia,Female,HHS,Government source,2006,
"a, d, e",15-64, ,Serbia,Male,HHS,Government source,2006,
"a, d, e",15-64, ,Serbia,Low,HHS,Government source,2006,2.75
"a, d, e",15-64, ,Serbia,High,HHS,Government source,2006,5.39
"a, d, e",15-64, ,Serbia,Best,HHS,Government source,2006,4.07
"a, b, e",15-64, ,Sierra Leone,Female, ,UNODC Estimate,2010,
"a, b, e",15-64, ,Sierra Leone,Male, ,UNODC Estimate,2010,
"a, b, e",15-64, ,Sierra Leone,Low, ,UNODC Estimate,2010,3.52
"a, b, e",15-64, ,Sierra Leone,High, ,UNODC Estimate,2010,7.32
"a, b, e",15-64, ,Sierra Leone,Best, ,UNODC Estimate,2010,5.42
 ,15-64, ,Slovakia,Female,HHS,ARQ,2015,1.7
 ,15-64, ,Slovakia,Male,HHS,ARQ,2015,7
 ,15-64, ,Slovakia,Low,HHS,ARQ,2015,
 ,15-64, ,Slovakia,High,HHS,ARQ,2015,
 ,15-64, ,Slovakia,Best,HHS,ARQ,2015,4.3
 ,15-64, ,Slovakia,Female,HHS,EMCDDA,2010,
 ,15-64, ,Slovakia,Male,HHS,EMCDDA,2010,
 ,15-64, ,Slovakia,Low,HHS,EMCDDA,2010,
 ,15-64, ,Slovakia,High,HHS,EMCDDA,2010,
 ,15-64, ,Slovakia,Best,HHS,EMCDDA,2010,3.63
 ,15-64, ,Slovakia,Female,HHS,ARQ,2006,
 ,15-64, ,Slovakia,Male,HHS,ARQ,2006,
 ,15-64, ,Slovakia,Low,HHS,ARQ,2006,
 ,15-64, ,Slovakia,High,HHS,ARQ,2006,
 ,15-64, ,Slovakia,Best,HHS,ARQ,2006,6.9
 ,15-64, ,Slovenia,Female,HHS,ARQ,2012,2.8
 ,15-64, ,Slovenia,Male,HHS,ARQ,2012,5.9
 ,15-64, ,Slovenia,Low,HHS,ARQ,2012,
 ,15-64, ,Slovenia,High,HHS,ARQ,2012,
 ,15-64, ,Slovenia,Best,HHS,ARQ,2012,4.4
e,15-64, ,Slovenia,Female,HHS,EMCDDA,2007,
e,15-64, ,Slovenia,Male,HHS,EMCDDA,2007,
e,15-64, ,Slovenia,Low,HHS,EMCDDA,2007,
e,15-64, ,Slovenia,High,HHS,EMCDDA,2007,
e,15-64, ,Slovenia,Best,HHS,EMCDDA,2007,3.1
"d, e",15-64, ,South Africa,Female,SS,ARQ,2011,
"d, e",15-64, ,South Africa,Male,SS,ARQ,2011,
"d, e",15-64, ,South Africa,Low,SS,ARQ,2011,2.88
"d, e",15-64, ,South Africa,High,SS,ARQ,2011,4.42
"d, e",15-64, ,South Africa,Best,SS,ARQ,2011,3.65
"a, e",15-64, ,South Africa,Female,HHS,ARQ,2008,
"a, e",15-64, ,South Africa,Male,HHS,ARQ,2008,
"a, e",15-64, ,South Africa,Low,HHS,ARQ,2008,3.52
"a, e",15-64, ,South Africa,High,HHS,ARQ,2008,6.18
"a, e",15-64, ,South Africa,Best,HHS,ARQ,2008,4.26
 ,15 - 64, ,Spain,Female,HHS,ARQ,2015,5.6
 ,15 - 64, ,Spain,Male,HHS,ARQ,2015,13.3
 ,15 - 64, ,Spain,Low,HHS,ARQ,2015,
 ,15 - 64, ,Spain,High,HHS,ARQ,2015,
 ,15 - 64, ,Spain,Best,HHS,ARQ,2015,9.5
 ,15-64, ,Spain,Female,HHS,ARQ,2013,5.4
 ,15-64, ,Spain,Male,HHS,ARQ,2013,12.9
 ,15-64, ,Spain,Low,HHS,ARQ,2013,
 ,15-64, ,Spain,High,HHS,ARQ,2013,
 ,15-64, ,Spain,Best,HHS,ARQ,2013,9.2
 ,15-64, ,Spain,Female,HHS,ARQ,2011,5.5
 ,15-64, ,Spain,Male,HHS,ARQ,2011,13.6
 ,15-64, ,Spain,Low,HHS,ARQ,2011,
 ,15-64, ,Spain,High,HHS,ARQ,2011,
 ,15-64, ,Spain,Best,HHS,ARQ,2011,9.6
 ,15-64, ,Spain,Female,HHS,ARQ,2009,
 ,15-64, ,Spain,Male,HHS,ARQ,2009,
 ,15-64, ,Spain,Low,HHS,ARQ,2009,
 ,15-64, ,Spain,High,HHS,ARQ,2009,
 ,15-64, ,Spain,Best,HHS,ARQ,2009,10.6
"g, h",15-64, ,Sri Lanka,Female,I,Government source,2016,
"g, h",15-64, ,Sri Lanka,Male,I,Government source,2016,
"g, h",15-64, ,Sri Lanka,Low,I,Government source,2016,1.26
"g, h",15-64, ,Sri Lanka,High,I,Government source,2016,1.58
"g, h",15-64, ,Sri Lanka,Best,I,Government source,2016,1.42
h,15-64, ,Sri Lanka,Female, ,UNODC Estimate,2010,
h,15-64, ,Sri Lanka,Male, ,UNODC Estimate,2010,
h,15-64, ,Sri Lanka,Low, ,UNODC Estimate,2010,1.43
h,15-64, ,Sri Lanka,High, ,UNODC Estimate,2010,1.43
h,15-64, ,Sri Lanka,Best, ,UNODC Estimate,2010,1.43
 ,12-65, ,Suriname,Female,HHS,Government source,2007,
 ,12-65, ,Suriname,Male,HHS,Government source,2007,
 ,12-65, ,Suriname,Low,HHS,Government source,2007,3.8
 ,12-65, ,Suriname,High,HHS,Government source,2007,4.7
 ,12-65, ,Suriname,Best,HHS,Government source,2007,4.25
 ,15-64, ,Suriname,Female, ,UNODC Estimate,2002,
 ,15-64, ,Suriname,Male, ,UNODC Estimate,2002,
 ,15-64, ,Suriname,Low, ,UNODC Estimate,2002,
 ,15-64, ,Suriname,High, ,UNODC Estimate,2002,
 ,15-64, ,Suriname,Best, ,UNODC Estimate,2002,2
 ,16 - 64, ,Sweden,Female,HHS,ARQ,2016,2.6
 ,16 - 64, ,Sweden,Male,HHS,ARQ,2016,4.1
 ,16 - 64, ,Sweden,Low,HHS,ARQ,2016,
 ,16 - 64, ,Sweden,High,HHS,ARQ,2016,
 ,16 - 64, ,Sweden,Best,HHS,ARQ,2016,3.4
 ,16-64, ,Sweden,Female,HHS,ARQ,2015,2.3
 ,16-64, ,Sweden,Male,HHS,ARQ,2015,4.1
 ,16-64, ,Sweden,Low,HHS,ARQ,2015,
 ,16-64, ,Sweden,High,HHS,ARQ,2015,
 ,16-64, ,Sweden,Best,HHS,ARQ,2015,3.2
 ,15-64, ,Sweden,Female,HHS,ARQ,2014,1.63
 ,15-64, ,Sweden,Male,HHS,ARQ,2014,4.1
 ,15-64, ,Sweden,Low,HHS,ARQ,2014,
 ,15-64, ,Sweden,High,HHS,ARQ,2014,
 ,15-64, ,Sweden,Best,HHS,ARQ,2014,2.88
 ,17-64, ,Sweden,Female,HHS,ARQ,2013,1.86
 ,17-64, ,Sweden,Male,HHS,ARQ,2013,4.35
 ,17-64, ,Sweden,Low,HHS,ARQ,2013,
 ,17-64, ,Sweden,High,HHS,ARQ,2013,
 ,17-64, ,Sweden,Best,HHS,ARQ,2013,3.16
 ,16-64, ,Sweden,Female,HHS,ARQ,2012,
 ,16-64, ,Sweden,Male,HHS,ARQ,2012,
 ,16-64, ,Sweden,Low,HHS,ARQ,2012,
 ,16-64, ,Sweden,High,HHS,ARQ,2012,
 ,16-64, ,Sweden,Best,HHS,ARQ,2012,3
 ,16-64, ,Sweden,Female,HHS,ARQ,2011,
 ,16-64, ,Sweden,Male,HHS,ARQ,2011,
 ,16-64, ,Sweden,Low,HHS,ARQ,2011,
 ,16-64, ,Sweden,High,HHS,ARQ,2011,
 ,16-64, ,Sweden,Best,HHS,ARQ,2011,2.61
 ,16-64, ,Sweden,Female,HHS,ARQ,2010,
 ,16-64, ,Sweden,Male,HHS,ARQ,2010,
 ,16-64, ,Sweden,Low,HHS,ARQ,2010,
 ,16-64, ,Sweden,High,HHS,ARQ,2010,
 ,16-64, ,Sweden,Best,HHS,ARQ,2010,2.8
a,15-64, ,Switzerland,Female,HHS,Government source,2016,
a,15-64, ,Switzerland,Male,HHS,Government source,2016,
a,15-64, ,Switzerland,Low,HHS,Government source,2016,
a,15-64, ,Switzerland,High,HHS,Government source,2016,
a,15-64, ,Switzerland,Best,HHS,Government source,2016,9.09
 ,15-64, ,Switzerland,Female,HHS,ARQ,2015,
 ,15-64, ,Switzerland,Male,HHS,ARQ,2015,
 ,15-64, ,Switzerland,Low,HHS,ARQ,2015,
 ,15-64, ,Switzerland,High,HHS,ARQ,2015,
 ,15-64, ,Switzerland,Best,HHS,ARQ,2015,8.09
 ,15-64, ,Switzerland,Female,HHS,ARQ,2014,4.2
 ,15-64, ,Switzerland,Male,HHS,ARQ,2014,9.3
 ,15-64, ,Switzerland,Low,HHS,ARQ,2014,
 ,15-64, ,Switzerland,High,HHS,ARQ,2014,
 ,15-64, ,Switzerland,Best,HHS,ARQ,2014,6.7
 ,15-64, ,Switzerland,Female,HHS,ARQ,2013,3.7
 ,15-64, ,Switzerland,Male,HHS,ARQ,2013,7.8
 ,15-64, ,Switzerland,Low,HHS,ARQ,2013,
 ,15-64, ,Switzerland,High,HHS,ARQ,2013,
 ,15-64, ,Switzerland,Best,HHS,ARQ,2013,5.7
 ,15+, ,Switzerland,Female,HHS,ARQ,2012,
 ,15+, ,Switzerland,Male,HHS,ARQ,2012,
 ,15+, ,Switzerland,Low,HHS,ARQ,2012,
 ,15+, ,Switzerland,High,HHS,ARQ,2012,
 ,15+, ,Switzerland,Best,HHS,ARQ,2012,6.3
 ,15-64, ,Switzerland,Female,HHS,ARQ,2011,
 ,15-64, ,Switzerland,Male,HHS,ARQ,2011,
 ,15-64, ,Switzerland,Low,HHS,ARQ,2011,
 ,15-64, ,Switzerland,High,HHS,ARQ,2011,
 ,15-64, ,Switzerland,Best,HHS,ARQ,2011,5.1
 ,15-64, ,Switzerland,Female,HHS,ARQ,2008,
 ,15-64, ,Switzerland,Male,HHS,ARQ,2008,
 ,15-64, ,Switzerland,Low,HHS,ARQ,2008,
 ,15-64, ,Switzerland,High,HHS,ARQ,2008,
 ,15-64, ,Switzerland,Best,HHS,ARQ,2008,3.4
 ,12-65, ,Thailand,Female,HHS,ARQ,2007,
 ,12-65, ,Thailand,Male,HHS,ARQ,2007,
 ,12-65, ,Thailand,Low,HHS,ARQ,2007,
 ,12-65, ,Thailand,High,HHS,ARQ,2007,
 ,12-65, ,Thailand,Best,HHS,ARQ,2007,1.2
"d, e",15-64, ,The former Yugoslav Republic of Macedonia,Female,SS,ESPAD/UNODC Estimate,2015,
"d, e",15-64, ,The former Yugoslav Republic of Macedonia,Male,SS,ESPAD/UNODC Estimate,2015,
"d, e",15-64, ,The former Yugoslav Republic of Macedonia,Low,SS,ESPAD/UNODC Estimate,2015,0.68
"d, e",15-64, ,The former Yugoslav Republic of Macedonia,High,SS,ESPAD/UNODC Estimate,2015,1.58
"d, e",15-64, ,The former Yugoslav Republic of Macedonia,Best,SS,ESPAD/UNODC Estimate,2015,1.13
"d, e",15-64, ,The former Yugoslav Republic of Macedonia,Female,SS,ESPAD,2008,
"d, e",15-64, ,The former Yugoslav Republic of Macedonia,Male,SS,ESPAD,2008,
"d, e",15-64, ,The former Yugoslav Republic of Macedonia,Low,SS,ESPAD,2008,0.46
"d, e",15-64, ,The former Yugoslav Republic of Macedonia,High,SS,ESPAD,2008,2.38
"d, e",15-64, ,The former Yugoslav Republic of Macedonia,Best,SS,ESPAD,2008,0.63
"d, e",15-64, ,Togo,Female,SS,UNODC Estimate,2009,
"d, e",15-64, ,Togo,Male,SS,UNODC Estimate,2009,
"d, e",15-64, ,Togo,Low,SS,UNODC Estimate,2009,0.2
"d, e",15-64, ,Togo,High,SS,UNODC Estimate,2009,3.1
"d, e",15-64, ,Togo,Best,SS,UNODC Estimate,2009,1
"d, e",15-64, ,Togo,Female,SS,UNODC Estimate,2006,
"d, e",15-64, ,Togo,Male,SS,UNODC Estimate,2006,
"d, e",15-64, ,Togo,Low,SS,UNODC Estimate,2006,
"d, e",15-64, ,Togo,High,SS,UNODC Estimate,2006,
"d, e",15-64, ,Togo,Best,SS,UNODC Estimate,2006,2.73
"d, e",15-64, ,Trinidad and Tobago,Female,SS,UNODC Estimate,2010,
"d, e",15-64, ,Trinidad and Tobago,Male,SS,UNODC Estimate,2010,
"d, e",15-64, ,Trinidad and Tobago,Low,SS,UNODC Estimate,2010,1.55
"d, e",15-64, ,Trinidad and Tobago,High,SS,UNODC Estimate,2010,6.52
"d, e",15-64, ,Trinidad and Tobago,Best,SS,UNODC Estimate,2010,4.03
"d, e",15-64, ,Trinidad and Tobago,Female,SS,Government source,2006,
"d, e",15-64, ,Trinidad and Tobago,Male,SS,Government source,2006,
"d, e",15-64, ,Trinidad and Tobago,Low,SS,Government source,2006,2.91
"d, e",15-64, ,Trinidad and Tobago,High,SS,Government source,2006,6.42
"d, e",15-64, ,Trinidad and Tobago,Best,SS,Government source,2006,4.66
e,, ,Trinidad and Tobago,Female, ,UNODC Estimate,2002,
e,, ,Trinidad and Tobago,Male, ,UNODC Estimate,2002,
e,, ,Trinidad and Tobago,Low, ,UNODC Estimate,2002,
e,, ,Trinidad and Tobago,High, ,UNODC Estimate,2002,
e,, ,Trinidad and Tobago,Best, ,UNODC Estimate,2002,3.7
 ,15-64, ,Tunisia,Female,HHS,ARQ,2013,
 ,15-64, ,Tunisia,Male,HHS,ARQ,2013,
 ,15-64, ,Tunisia,Low,HHS,ARQ,2013,
 ,15-64, ,Tunisia,High,HHS,ARQ,2013,
 ,15-64, ,Tunisia,Best,HHS,ARQ,2013,2.6
 ,15-64, ,Turkey,Female,HHS,EMCDDA,2011,0.1
 ,15-64, ,Turkey,Male,HHS,EMCDDA,2011,0.5
 ,15-64, ,Turkey,Low,HHS,EMCDDA,2011,
 ,15-64, ,Turkey,High,HHS,EMCDDA,2011,
 ,15-64, ,Turkey,Best,HHS,EMCDDA,2011,0.3
 ,15-64, ,Turkey,Female, ,UNODC Estimate,2003,
 ,15-64, ,Turkey,Male, ,UNODC Estimate,2003,
 ,15-64, ,Turkey,Low, ,UNODC Estimate,2003,
 ,15-64, ,Turkey,High, ,UNODC Estimate,2003,
 ,15-64, ,Turkey,Best, ,UNODC Estimate,2003,1.9
"d, e",15-64, ,Ukraine,Female,SS,ESPAD/UNODC Estimate,2015,
"d, e",15-64, ,Ukraine,Male,SS,ESPAD/UNODC Estimate,2015,
"d, e",15-64, ,Ukraine,Low,SS,ESPAD/UNODC Estimate,2015,1.29
"d, e",15-64, ,Ukraine,High,SS,ESPAD/UNODC Estimate,2015,2.98
"d, e",15-64, ,Ukraine,Best,SS,ESPAD/UNODC Estimate,2015,2.13
d,15-64, ,Ukraine,Female,SS,UNODC Estimate,2011,
d,15-64, ,Ukraine,Male,SS,UNODC Estimate,2011,
d,15-64, ,Ukraine,Low,SS,UNODC Estimate,2011,1.2
d,15-64, ,Ukraine,High,SS,UNODC Estimate,2011,4.6
d,15-64, ,Ukraine,Best,SS,UNODC Estimate,2011,2.9
"d, e",15-64, ,Ukraine,Female,SS,ESPAD,2007,
"d, e",15-64, ,Ukraine,Male,SS,ESPAD,2007,
"d, e",15-64, ,Ukraine,Low,SS,ESPAD,2007,2.4
"d, e",15-64, ,Ukraine,High,SS,ESPAD,2007,2.59
"d, e",15-64, ,Ukraine,Best,SS,ESPAD,2007,2.5
 ,15-64, ,United Arab Emirates,Female, ,UNODC Estimate,2006,
 ,15-64, ,United Arab Emirates,Male, ,UNODC Estimate,2006,
 ,15-64, ,United Arab Emirates,Low, ,UNODC Estimate,2006,
 ,15-64, ,United Arab Emirates,High, ,UNODC Estimate,2006,
 ,15-64, ,United Arab Emirates,Best, ,UNODC Estimate,2006,5.35
 ,16-59,Data refers tor 2016/17. Crime Survey for England and Wales,United Kingdom (England and Wales),Female,HHS,Government source,2016,4.2
 ,16-59,Data refers tor 2016/17. Crime Survey for England and Wales,United Kingdom (England and Wales),Male,HHS,Government source,2016,9
 ,16-59,Data refers tor 2016/17. Crime Survey for England and Wales,United Kingdom (England and Wales),Low,HHS,Government source,2016,
 ,16-59,Data refers tor 2016/17. Crime Survey for England and Wales,United Kingdom (England and Wales),High,HHS,Government source,2016,
 ,16-59,Data refers tor 2016/17. Crime Survey for England and Wales,United Kingdom (England and Wales),Best,HHS,Government source,2016,6.6
 ,16-59,Data refers to 2015/16. Crime Survey for England and Wales,United Kingdom (England and Wales),Female,HHS,Government source,2015,3.8
 ,16-59,Data refers to 2015/16. Crime Survey for England and Wales,United Kingdom (England and Wales),Male,HHS,Government source,2015,9.1
 ,16-59,Data refers to 2015/16. Crime Survey for England and Wales,United Kingdom (England and Wales),Low,HHS,Government source,2015,
 ,16-59,Data refers to 2015/16. Crime Survey for England and Wales,United Kingdom (England and Wales),High,HHS,Government source,2015,
 ,16-59,Data refers to 2015/16. Crime Survey for England and Wales,United Kingdom (England and Wales),Best,HHS,Government source,2015,6.5
 ,16-59,Data refers to 2014/15. Crime Survey for England and Wales,United Kingdom (England and Wales),Female,HHS,ARQ,2014,4
 ,16-59,Data refers to 2014/15. Crime Survey for England and Wales,United Kingdom (England and Wales),Male,HHS,ARQ,2014,9.5
 ,16-59,Data refers to 2014/15. Crime Survey for England and Wales,United Kingdom (England and Wales),Low,HHS,ARQ,2014,
 ,16-59,Data refers to 2014/15. Crime Survey for England and Wales,United Kingdom (England and Wales),High,HHS,ARQ,2014,
 ,16-59,Data refers to 2014/15. Crime Survey for England and Wales,United Kingdom (England and Wales),Best,HHS,ARQ,2014,6.7
 ,16-59,Data refers to 2013/14. Crime Survey for England and Wales.,United Kingdom (England and Wales),Female,HHS,ARQ,2013,4.1
 ,16-59,Data refers to 2013/14. Crime Survey for England and Wales.,United Kingdom (England and Wales),Male,HHS,ARQ,2013,9.1
 ,16-59,Data refers to 2013/14. Crime Survey for England and Wales.,United Kingdom (England and Wales),Low,HHS,ARQ,2013,
 ,16-59,Data refers to 2013/14. Crime Survey for England and Wales.,United Kingdom (England and Wales),High,HHS,ARQ,2013,
 ,16-59,Data refers to 2013/14. Crime Survey for England and Wales.,United Kingdom (England and Wales),Best,HHS,ARQ,2013,6.6
 ,16-59,Data refers to 2012/13. Crime Survey for England and Wales.,United Kingdom (England and Wales),Female,HHS,Government source,2012,4.1
 ,16-59,Data refers to 2012/13. Crime Survey for England and Wales.,United Kingdom (England and Wales),Male,HHS,Government source,2012,8.6
 ,16-59,Data refers to 2012/13. Crime Survey for England and Wales.,United Kingdom (England and Wales),Low,HHS,Government source,2012,
 ,16-59,Data refers to 2012/13. Crime Survey for England and Wales.,United Kingdom (England and Wales),High,HHS,Government source,2012,
 ,16-59,Data refers to 2012/13. Crime Survey for England and Wales.,United Kingdom (England and Wales),Best,HHS,Government source,2012,6.4
 ,16-59,Data refers to 2011/12. Crime Survey for England and Wales,United Kingdom (England and Wales),Female,HHS,Government source,2011,
 ,16-59,Data refers to 2011/12. Crime Survey for England and Wales,United Kingdom (England and Wales),Male,HHS,Government source,2011,
 ,16-59,Data refers to 2011/12. Crime Survey for England and Wales,United Kingdom (England and Wales),Low,HHS,Government source,2011,
 ,16-59,Data refers to 2011/12. Crime Survey for England and Wales,United Kingdom (England and Wales),High,HHS,Government source,2011,
 ,16-59,Data refers to 2011/12. Crime Survey for England and Wales,United Kingdom (England and Wales),Best,HHS,Government source,2011,6.9
 ,16-59,Data refers to 2010/11.,United Kingdom (England and Wales),Female,HHS,Government source,2010,
 ,16-59,Data refers to 2010/11.,United Kingdom (England and Wales),Male,HHS,Government source,2010,
 ,16-59,Data refers to 2010/11.,United Kingdom (England and Wales),Low,HHS,Government source,2010,
 ,16-59,Data refers to 2010/11.,United Kingdom (England and Wales),High,HHS,Government source,2010,
 ,16-59,Data refers to 2010/11.,United Kingdom (England and Wales),Best,HHS,Government source,2010,6.8
 ,15-64,Data refers to 2014/15,United Kingdom (Northern Ireland),Female,HHS,Government source,2014,
 ,15-64,Data refers to 2014/15,United Kingdom (Northern Ireland),Male,HHS,Government source,2014,
 ,15-64,Data refers to 2014/15,United Kingdom (Northern Ireland),Low,HHS,Government source,2014,
 ,15-64,Data refers to 2014/15,United Kingdom (Northern Ireland),High,HHS,Government source,2014,
 ,15-64,Data refers to 2014/15,United Kingdom (Northern Ireland),Best,HHS,Government source,2014,4.6
 ,15-64,Data refers to 2010/11,United Kingdom (Northern Ireland),Female,HHS,Government source,2011,
 ,15-64,Data refers to 2010/11,United Kingdom (Northern Ireland),Male,HHS,Government source,2011,
 ,15-64,Data refers to 2010/11,United Kingdom (Northern Ireland),Low,HHS,Government source,2011,
 ,15-64,Data refers to 2010/11,United Kingdom (Northern Ireland),High,HHS,Government source,2011,
 ,15-64,Data refers to 2010/11,United Kingdom (Northern Ireland),Best,HHS,Government source,2011,5.1
 ,15-64, ,United Kingdom (Northern Ireland),Female,HHS,Government source,2006,
 ,15-64, ,United Kingdom (Northern Ireland),Male,HHS,Government source,2006,
 ,15-64, ,United Kingdom (Northern Ireland),Low,HHS,Government source,2006,
 ,15-64, ,United Kingdom (Northern Ireland),High,HHS,Government source,2006,
 ,15-64, ,United Kingdom (Northern Ireland),Best,HHS,Government source,2006,7.2
 ,16-64,Data refers to 2014/15,United Kingdom (Scotland),Female,HHS,Government source,2014,3.68
 ,16-64,Data refers to 2014/15,United Kingdom (Scotland),Male,HHS,Government source,2014,9
 ,16-64,Data refers to 2014/15,United Kingdom (Scotland),Low,HHS,Government source,2014,
 ,16-64,Data refers to 2014/15,United Kingdom (Scotland),High,HHS,Government source,2014,
 ,16-64,Data refers to 2014/15,United Kingdom (Scotland),Best,HHS,Government source,2014,6.29
 ,16-64,Data refers to 2012/13,United Kingdom (Scotland),Female,HHS,Government source,2013,3.6
 ,16-64,Data refers to 2012/13,United Kingdom (Scotland),Male,HHS,Government source,2013,9.5
 ,16-64,Data refers to 2012/13,United Kingdom (Scotland),Low,HHS,Government source,2013,
 ,16-64,Data refers to 2012/13,United Kingdom (Scotland),High,HHS,Government source,2013,
 ,16-64,Data refers to 2012/13,United Kingdom (Scotland),Best,HHS,Government source,2013,6.5
 ,16-64,Data refers to 2010/11,United Kingdom (Scotland),Female,HHS,Government source,2011,
 ,16-64,Data refers to 2010/11,United Kingdom (Scotland),Male,HHS,Government source,2011,
 ,16-64,Data refers to 2010/11,United Kingdom (Scotland),Low,HHS,Government source,2011,
 ,16-64,Data refers to 2010/11,United Kingdom (Scotland),High,HHS,Government source,2011,
 ,16-64,Data refers to 2010/11,United Kingdom (Scotland),Best,HHS,Government source,2011,7
 ,16-64,Data refers to 2009/10,United Kingdom (Scotland),Female,HHS,Government source,2010,
 ,16-64,Data refers to 2009/10,United Kingdom (Scotland),Male,HHS,Government source,2010,
 ,16-64,Data refers to 2009/10,United Kingdom (Scotland),Low,HHS,Government source,2010,
 ,16-64,Data refers to 2009/10,United Kingdom (Scotland),High,HHS,Government source,2010,
 ,16-64,Data refers to 2009/10,United Kingdom (Scotland),Best,HHS,Government source,2010,7.6
 ,15 - 64,Cannabis herb,United States of America,Female,HHS,ARQ,2016,14.1
 ,15 - 64,Cannabis herb,United States of America,Male,HHS,ARQ,2016,19.9
 ,15 - 64,Cannabis herb,United States of America,Low,HHS,ARQ,2016,
 ,15 - 64,Cannabis herb,United States of America,High,HHS,ARQ,2016,
 ,15 - 64,Cannabis herb,United States of America,Best,HHS,ARQ,2016,17
 ,15-64,Cannabis herb,United States of America,Female,HHS,ARQ,2015,13.6
 ,15-64,Cannabis herb,United States of America,Male,HHS,ARQ,2015,19.4
 ,15-64,Cannabis herb,United States of America,Low,HHS,ARQ,2015,
 ,15-64,Cannabis herb,United States of America,High,HHS,ARQ,2015,
 ,15-64,Cannabis herb,United States of America,Best,HHS,ARQ,2015,16.5
 ,15-64, ,United States of America,Female,HHS,ARQ,2014,12.7
 ,15-64, ,United States of America,Male,HHS,ARQ,2014,19.9
 ,15-64, ,United States of America,Low,HHS,ARQ,2014,
 ,15-64, ,United States of America,High,HHS,ARQ,2014,
 ,15-64, ,United States of America,Best,HHS,ARQ,2014,16.2
 ,15-64, ,United States of America,Female,HHS,ARQ,2013,12.2
 ,15-64, ,United States of America,Male,HHS,ARQ,2013,18.7
 ,15-64, ,United States of America,Low,HHS,ARQ,2013,
 ,15-64, ,United States of America,High,HHS,ARQ,2013,
 ,15-64, ,United States of America,Best,HHS,ARQ,2013,15.4
 ,15-64, ,United States of America,Female,HHS,ARQ,2012,
 ,15-64, ,United States of America,Male,HHS,ARQ,2012,
 ,15-64, ,United States of America,Low,HHS,ARQ,2012,
 ,15-64, ,United States of America,High,HHS,ARQ,2012,
 ,15-64, ,United States of America,Best,HHS,ARQ,2012,14.8
 ,15-64, ,United States of America,Female,HHS,ARQ,2011,
 ,15-64, ,United States of America,Male,HHS,ARQ,2011,
 ,15-64, ,United States of America,Low,HHS,ARQ,2011,
 ,15-64, ,United States of America,High,HHS,ARQ,2011,
 ,15-64, ,United States of America,Best,HHS,ARQ,2011,14
 ,15-64, ,United States of America,Female,HHS,ARQ,2010,
 ,15-64, ,United States of America,Male,HHS,ARQ,2010,
 ,15-64, ,United States of America,Low,HHS,ARQ,2010,
 ,15-64, ,United States of America,High,HHS,ARQ,2010,
 ,15-64, ,United States of America,Best,HHS,ARQ,2010,14
 ,15-65, ,Uruguay,Female,HHS,ARQ,2014,6.4
 ,15-65, ,Uruguay,Male,HHS,ARQ,2014,12.5
 ,15-65, ,Uruguay,Low,HHS,ARQ,2014,
 ,15-65, ,Uruguay,High,HHS,ARQ,2014,
 ,15-65, ,Uruguay,Best,HHS,ARQ,2014,9.3
 ,15-64, ,Uruguay,Female,HHS,ARQ,2011,5.4
 ,15-64, ,Uruguay,Male,HHS,ARQ,2011,11.5
 ,15-64, ,Uruguay,Low,HHS,ARQ,2011,
 ,15-64, ,Uruguay,High,HHS,ARQ,2011,
 ,15-64, ,Uruguay,Best,HHS,ARQ,2011,8.3
 ,15-64, ,Uruguay,Female,HHS,ARQ,2006,
 ,15-64, ,Uruguay,Male,HHS,ARQ,2006,
 ,15-64, ,Uruguay,Low,HHS,ARQ,2006,
 ,15-64, ,Uruguay,High,HHS,ARQ,2006,
 ,15-64, ,Uruguay,Best,HHS,ARQ,2006,5.6
e,15-64, ,Uzbekistan,Female, ,UNODC Estimate,2003,
e,15-64, ,Uzbekistan,Male, ,UNODC Estimate,2003,
e,15-64, ,Uzbekistan,Low, ,UNODC Estimate,2003,
e,15-64, ,Uzbekistan,High, ,UNODC Estimate,2003,
e,15-64, ,Uzbekistan,Best, ,UNODC Estimate,2003,4.2
 ,12-65, ,Venezuela (Bolivarian Republic of),Female,HHS,Government source,2011,
 ,12-65, ,Venezuela (Bolivarian Republic of),Male,HHS,Government source,2011,
 ,12-65, ,Venezuela (Bolivarian Republic of),Low,HHS,Government source,2011,
 ,12-65, ,Venezuela (Bolivarian Republic of),High,HHS,Government source,2011,
 ,12-65, ,Venezuela (Bolivarian Republic of),Best,HHS,Government source,2011,1.56
"a, e",15-64, ,Venezuela (Bolivarian Republic of),Female,HHS,Government source,2005,
"a, e",15-64, ,Venezuela (Bolivarian Republic of),Male,HHS,Government source,2005,
"a, e",15-64, ,Venezuela (Bolivarian Republic of),Low,HHS,Government source,2005,
"a, e",15-64, ,Venezuela (Bolivarian Republic of),High,HHS,Government source,2005,
"a, e",15-64, ,Venezuela (Bolivarian Republic of),Best,HHS,Government source,2005,0.85
"d, e",15-64, ,Zambia,Female,SS,Govt;  Academic Research,2004,
"d, e",15-64, ,Zambia,Male,SS,Govt;  Academic Research,2004,
"d, e",15-64, ,Zambia,Low,SS,Govt;  Academic Research,2004,4
"d, e",15-64, ,Zambia,High,SS,Govt;  Academic Research,2004,15.6
"d, e",15-64, ,Zambia,Best,SS,Govt;  Academic Research,2004,9.5
 ,, ,Zambia,Female, ,UNODC Estimate,2003,
 ,, ,Zambia,Male, ,UNODC Estimate,2003,
 ,, ,Zambia,Low, ,UNODC Estimate,2003,
 ,, ,Zambia,High, ,UNODC Estimate,2003,
 ,, ,Zambia,Best, ,UNODC Estimate,2003,17.7
